ID,GENDER_ACROSSTIME_T1T2T3T4,MPACS_TOTAL_IMP_T1,MPACS_TOTAL_IMP_T2,MPACS_TOTAL_IMP_T3,MPACS_TOTAL_IMP_T4,MPACS_TOTAL_IMP_T5,MPACS_TOTAL_IMP_T6,SPPA_SWORTH_IMP_T1,SPPA_SWORTH_IMP_T2,SPPA_SWORTH_IMP_T3,SPPA_SWORTH_IMP_T4,SPPA_SWORTH_IMP_T5,SPPA_SWORTH_IMP_T6
1,2,41.42857143,41.66666667,75,46,65,30.90909091,4,2,3.2,3.4,2.75,2.4
2,1,76.92307692,87,75,63,NA,NA,3,1.4,2.2,2.4,NA,NA
3,1,84.61538462,88,80,85,76,78,3.4,3.8,3.4,3.4,3.6,3.8
4,2,91.11111111,87.77777778,89,79,NA,74,4,3.4,3.8,3.8,NA,3.6
5,2,49,75,NA,93,NA,NA,2.2,3.2,NA,3,NA,NA
6,2,69,86,85,70,75,83,3.2,4,3.6,3.6,3.2,3.4
7,1,62.10526316,NA,76.92307692,NA,62,NA,3.4,1.4,1.666666667,NA,1.8,NA
8,1,40,40,47,47,NA,NA,2.6,2.2,2,2.2,NA,NA
9,1,71,66,NA,62,NA,NA,3.4,3.6,NA,3,NA,NA
10,1,78.94736842,80,73,58,99,62,3.8,3.6,3.6,2.6,3.2,2.6
11,2,87.69230769,81.11111111,73,83,66,68,3.666666667,3.4,3.4,3.4,3.2,3
12,1,NA,NA,76,79,89,89,NA,NA,3.4,3.4,3.4,3.2
13,2,76,87.36842105,NA,74,NA,NA,2.8,2.8,NA,2.8,NA,NA
14,NA,NA,NA,NA,NA,NA,NA,NA,NA,NA,NA,NA,NA
15,2,92,92,81,NA,79,88,3.6,4,4,NA,4,4
16,2,87,88,92,94,85,86,3.8,4,3.2,3,3,3.4
17,2,69,66,51,61,NA,NA,3.4,3,3,3,NA,NA
18,2,NA,NA,64,67,NA,NA,NA,NA,4,3.6,NA,NA
19,NA,NA,NA,NA,NA,NA,NA,NA,NA,NA,NA,NA,NA
20,2,NA,62,70,73,NA,73.84615385,3,2.6,3.2,3.25,NA,3.6
21,2,77,86,86,80,70,83,3.8,3.6,3.6,3.6,3.6,3.6
22,1,83.33333333,88,91,NA,55.78947368,68.42105263,3.4,2.8,3.333333333,3,2.8,2
23,1,78,64,NA,74,NA,NA,3.6,3.4,NA,4,NA,NA
24,1,NA,87,86.31578947,89,61,84,NA,3.8,3.8,3.8,2.6,3
25,1,91,60,66.31578947,64,62,NA,4,2.4,3.6,2.4,2.4,NA
26,1,76.84210526,NA,NA,74,NA,NA,3.8,4,NA,3,NA,NA
27,4,83.75,58.75,90,70,63,76,3.8,3.333333333,3.6,2.5,3.6,3.4
28,1,89,86,81,78,NA,NA,3.6,3.6,3.6,3.6,NA,NA
29,4,75.78947368,77,68,64,NA,NA,3,3.2,3,2.6,NA,3
30,2,68,85,NA,NA,NA,NA,3.6,4,NA,NA,NA,NA
31,2,87,96,96,96,96,NA,3.6,3.8,4,4,3.8,NA
32,2,93,86,93,94,NA,NA,4,3.4,3.2,3,NA,NA
33,2,66,NA,69,61,64,NA,3.4,2.4,3.2,2.4,1.8,2.2
34,1,NA,66.66666667,65,NA,NA,NA,NA,2.6,2.6,NA,NA,NA
35,1,75.78947368,60,60,62.10526316,77,61,3.8,2.4,3.4,3.2,3.4,2.6
36,1,48,NA,56,43,NA,62.10526316,2.6,NA,2.8,3.4,NA,2.4
37,NA,NA,NA,NA,NA,NA,NA,NA,NA,NA,NA,NA,NA
38,2,89,86,86,NA,NA,NA,4,4,4,NA,NA,NA
39,1,74,NA,62,NA,NA,NA,3,2.666666667,2.4,NA,NA,NA
40,5,33,53,41,NA,NA,NA,2.1,3.6,3,NA,NA,NA
41,1,NA,NA,62,NA,NA,NA,2.8,3.6,3.4,NA,NA,NA
42,2,79,79,69,73,NA,NA,1.8,3,3,3,NA,NA
43,1,NA,NA,NA,NA,NA,NA,3.666666667,NA,NA,NA,NA,NA
44,2,54.73684211,58.94736842,NA,NA,NA,NA,2.6,2.2,NA,NA,NA,NA
45,1,68,68,64,63,NA,NA,2.6,2.4,2.6,3.2,NA,NA
46,NA,NA,NA,NA,NA,NA,NA,NA,NA,NA,NA,NA,NA
47,4,NA,NA,NA,NA,NA,NA,4,NA,2.2,NA,NA,NA
48,1,NA,86,77,NA,NA,NA,3.4,3.8,4,NA,NA,NA
49,1,83,85,74,82,78,86,3.6,4,3.6,3.4,4,3.8
50,1,64.44444444,NA,NA,NA,NA,NA,3,2.5,NA,NA,NA,NA
51,2,84,90,71,79,NA,NA,2.8,3.2,3,2,NA,NA
52,2,90,98.82352941,92,NA,95,95,4,4,3.8,4,4,4
53,1,65,67,NA,NA,NA,NA,3.2,3.2,NA,NA,NA,NA
54,2,86,76,72,71,69,77,3.2,3.2,2.8,2.8,3.6,2.2
55,2,NA,94,96,96,NA,NA,NA,4,3.6,3.8,NA,NA
56,NA,NA,NA,NA,NA,NA,NA,NA,NA,NA,NA,NA,NA
57,2,47,73,75,77,64,77,3.2,3.8,3.6,3.6,3.8,4
58,2,88,83,85,82,NA,NA,3.8,4,3.2,3.4,NA,NA
59,2,79,74,69,69,NA,NA,4,4,3.6,3.8,NA,NA
60,2,78.82352941,NA,96,95,NA,NA,4,NA,4,4,NA,NA
61,2,69,NA,NA,NA,NA,NA,3.6,NA,NA,NA,NA,NA
62,2,77.89473684,57.64705882,NA,NA,NA,NA,4,4,NA,NA,NA,NA
63,1,83,73,66,56,NA,56,3.8,3.4,3.8,2.4,NA,2.6
64,1,55.78947368,66,50,55,55,58,3,2.4,2.8,2.2,2,2.4
65,2,87.36842105,84,83,77,NA,NA,3.4,3.4,2.6,2.4,NA,NA
66,2,87,NA,78.94736842,89,NA,NA,2.8,NA,3.6,4,NA,NA
67,1,65,58,62,63,58,60,3.4,2.6,2.2,2.6,2.8,3
68,1,80,70,71,NA,NA,NA,4,3.8,3.6,NA,NA,NA
69,1,91.11111111,88.42105263,88.88888889,94,82,70,3,4,4,3.4,3.8,3.2
70,5,53,58,NA,72.72727273,NA,NA,3,3.2,NA,4,NA,NA
71,1,73,83,80,81,NA,NA,3.6,3.2,3.6,3.8,NA,NA
72,1,58,NA,68,69.09090909,NA,NA,3.25,NA,3.4,3.2,NA,NA
73,5,NA,NA,62,62,NA,NA,NA,NA,2.8,3,NA,NA
74,2,88,72,NA,NA,NA,NA,3.4,3.2,NA,NA,NA,NA
75,6,74,72,60,74,64,62,3.4,3.2,3.4,NA,2.2,2.2
76,2,72,62,57,NA,61,60,2.6,3,2.8,NA,2.8,3.2
77,2,95,87.36842105,74,76,75,NA,3.6,3.4,2.8,3,3.4,NA
78,1,76,NA,91,77,NA,NA,3.2,3,4,3.6,NA,NA
79,4,44,56.84210526,55.78947368,NA,NA,NA,2,3.8,3.4,NA,NA,NA
80,1,70,64,77,75,NA,77,3.4,3.6,3.8,3.4,NA,3.4
81,2,67,75.78947368,45.26315789,33,NA,64,3.4,3,2.2,2,NA,1.25
82,4,78,60,60,60,60,62,3,2.6,2.6,3,2.2,2.4
83,2,67.36842105,53,NA,NA,NA,NA,2.4,2.6,NA,NA,NA,NA
84,4,78,60,62,64,60,NA,3.6,2.333333333,1.6,2.2,2.6,NA
85,1,67,71,69,66,NA,75,3,2.8,2.8,2.8,NA,3.2
86,1,92,90,86,NA,60,NA,3.8,4,3.4,NA,2.6,NA
87,5,NA,NA,86,86,89,94,NA,NA,3.8,3.8,3.6,3.4
88,2,85,79,65,55,NA,75,4,3.8,2.8,2.4,NA,2.8
89,2,73,NA,NA,NA,NA,NA,3,NA,NA,NA,NA,NA
90,5,73.68421053,76,72,58,62,55,3.4,4,2.8,3.6,3.2,2.8
91,1,NA,93,96,60,60,NA,4,4,3.4,1.8,1.8,NA
92,1,80,74,75,74,NA,NA,3.4,2.8,2.6,3,NA,NA
93,4,78,86,95,87,55,NA,4,3.8,4,3.4,3,NA
94,2,29.41176471,41,37,42,NA,25,3.2,2.8,2.6,2.6,NA,1.6
95,NA,NA,NA,NA,NA,NA,NA,NA,NA,NA,NA,NA,NA
96,1,NA,NA,71,84,NA,NA,NA,NA,3.4,3.2,NA,NA
97,1,NA,82,32,NA,NA,NA,NA,3.4,4,NA,NA,NA
98,NA,NA,NA,NA,NA,NA,NA,NA,NA,NA,NA,NA,NA
99,2,NA,NA,80,79,NA,NA,NA,NA,3.2,3,NA,NA
100,1,NA,NA,78,86,NA,NA,NA,NA,4,3.2,NA,NA
101,1,NA,NA,48,30,40,NA,NA,NA,2.6,2,2.2,NA
102,1,NA,NA,66,60,NA,60,NA,NA,3.4,3.2,NA,3
103,1,NA,NA,68,61,NA,NA,NA,NA,3,2.8,NA,NA
104,1,NA,NA,58.94736842,59,NA,NA,NA,NA,3,3,NA,NA
105,2,NA,NA,84,72,NA,NA,NA,NA,3.8,2.4,NA,NA
106,1,83,82,90,62,77,71,3.4,2.4,3.8,2.2,2.6,2.6
107,2,83.15789474,88,NA,78,78,NA,3,2.4,NA,3.4,3.6,NA
108,5,58.94736842,64,NA,NA,NA,NA,2.4,3,NA,2.2,2.2,NA
109,1,91,96,96,74,98.94736842,85.45454545,3.8,4,4,3,3.6,2.8
110,2,59,57,NA,NA,NA,50,2.6,2.6,NA,NA,NA,2.2
111,2,69,78,69,71,75,NA,3.2,3.6,3,3.8,3.8,3.8
112,1,84,87,72,79,78,NA,3.6,4,3.8,3.6,3.4,NA
113,2,65.26315789,59,60,NA,57,75,3.125,3.2,3.2,NA,3.2,3.6
114,2,63.63636364,NA,61,62,NA,64,3.2,NA,3,3,2.8,2.8
115,5,56,44,29,30,44,34,1.6,1,1.4,1.2,2.4,1.8
116,2,52,51,NA,NA,NA,NA,2,2.2,NA,NA,NA,NA
117,1,NA,NA,NA,53,NA,60,NA,NA,NA,1.8,NA,2.8
118,2,66,76,67.36842105,79,70,60,3.2,3,3.6,3.2,3,3
119,1,NA,66,70,60,60,60,NA,2.6,3.2,2.6,3.6,2.6
120,2,76,75,77,81,83,72,3.5,3.2,2.8,3.2,3.4,3
121,2,50,59,78,81,75,77,3.2,3.2,3,3,2.8,3
122,NA,NA,NA,NA,NA,NA,NA,NA,NA,NA,NA,NA,NA
123,1,76,62,60,61,61,NA,3.4,3.8,2.6,2,2.4,2.4
124,2,59,65,54,74,67,74,2.2,2.4,2.2,2.4,2.6,2.8
125,2,80,NA,NA,NA,NA,NA,3.4,NA,NA,NA,NA,NA
126,2,84,87.05882353,89,89,88,90,4,3.8,4,4,3.4,4
127,2,59,52,29,42,NA,NA,3.4,3.4,2,2.5,NA,NA
128,2,69,57,65,76,80,73,3.6,3.4,3.6,2.8,2.4,3.6
129,1,52.22222222,43.33333333,50,55,NA,NA,3,3,2.2,2.5,NA,NA
130,1,54,60,58,57,60,NA,3,2.8,3,2.8,3,NA
131,NA,NA,NA,NA,NA,NA,NA,NA,NA,NA,NA,NA,NA
132,2,80,80,NA,75,63,67,2.8,2,NA,2.2,1.8,1.8
133,2,81.05263158,92,93,93,93,91,3.6,3,3.8,3.25,3.4,3.8
134,4,82.85714286,91,79,60,NA,NA,3,2.8,2.6,NA,NA,NA
135,1,93.33333333,NA,67,60,NA,NA,4,4,3.6,3.4,NA,NA
136,2,76,73,50,48,39,NA,2.8,3.2,3,2.6,3,NA
137,2,84,NA,NA,NA,85,89,4,NA,NA,NA,3.8,3.2
138,2,NA,NA,57,62,NA,NA,NA,NA,3,3,NA,NA
139,NA,NA,NA,NA,NA,NA,NA,NA,NA,NA,NA,NA,NA
140,2,60,58,NA,NA,NA,NA,3.8,3.8,NA,NA,NA,NA
141,1,41,43,40,60,60,38,3.4,2.8,3,2.5,2.25,2
142,1,77.89473684,88.42105263,90,97,NA,NA,2.8,2.8,3.4,3.2,NA,NA
143,1,90,88.42105263,89,95,NA,NA,3.8,3.6,3.6,4,NA,NA
144,1,63,60,58,54,58,NA,3.2,3,3,3.2,3.8,NA
145,1,61,59,NA,NA,NA,NA,2.4,2.6,NA,NA,NA,NA
146,1,75,73,61,61,84,NA,3.6,3.2,3,3,3.8,NA
147,1,81,96,NA,NA,NA,NA,3.6,4,NA,NA,NA,NA
148,1,50,NA,NA,NA,NA,NA,4,NA,NA,NA,NA,NA
149,2,92,87,NA,NA,78,NA,3.2,3.2,NA,NA,3,NA
150,2,66,93,NA,NA,NA,NA,2.2,2.6,NA,NA,NA,NA
151,NA,NA,NA,NA,NA,NA,NA,NA,NA,NA,NA,NA,NA
152,NA,NA,NA,NA,NA,NA,NA,NA,NA,NA,NA,NA,NA
153,2,66.31578947,NA,72,NA,NA,NA,2.6,3.666666667,3.4,3.4,3.5,NA
154,2,66,63,58,64,60,NA,3.4,3.8,3.4,3.2,2.4,NA
155,1,66,52.63157895,NA,NA,NA,NA,3.8,3.4,NA,NA,NA,NA
156,2,71,32,NA,NA,NA,NA,3.5,3.6,NA,NA,NA,NA
157,2,NA,68.42105263,61,69,NA,NA,3.4,3.6,4,3.2,NA,NA
158,1,NA,NA,NA,NA,NA,NA,4,3.4,NA,NA,NA,NA
159,1,71.11111111,NA,NA,NA,NA,NA,2.5,NA,NA,NA,NA,NA
160,2,74,54.44444444,89,83,NA,NA,2.8,3.4,2.8,3.4,NA,NA
161,2,84,91,79,64,76,88,3.8,4,2.2,2,2.4,3
162,1,78,73,NA,NA,NA,NA,3.6,3.8,NA,NA,NA,NA
163,2,60,75,71,70,NA,NA,2.2,3.6,3,3,NA,NA
164,2,44.21052632,42,53,51,54,54,2.375,3,2.4,2.7,3,2.6
165,1,NA,94,70.90909091,64,NA,NA,NA,3.25,2.6,2.8,NA,NA
166,1,89.41176471,61.25,85,66,67,66,4,3.75,3.8,2.4,3.6,4
167,2,87,85,82,82,77,83,3.8,3.8,3.8,3.6,3.4,3.6
168,NA,NA,NA,NA,NA,NA,NA,NA,NA,NA,NA,NA,NA
169,2,49,56,58,58,NA,NA,3.4,3,3.6,3.4,NA,NA
170,2,80,80,NA,NA,99,84,3.25,2.2,NA,NA,2.8,3
171,2,64,74,NA,70,69,77,3.4,3,NA,4,3.8,3.6
172,1,74,NA,75,61,NA,62,2.8,NA,3,2.9,NA,2.4
173,1,60,71,NA,NA,NA,NA,3.6,4,NA,3,NA,NA
174,2,68,64,44,NA,45,NA,2.6,3.25,3,NA,2.8,NA
175,2,86,85,77,61,NA,59,2.8,3.6,2.25,2.8,NA,2.6
176,2,50,54.73684211,55,NA,59,NA,1.8,1.2,2.6,NA,3,NA
177,1,NA,NA,61,NA,NA,NA,NA,3.6,3.666666667,2.75,NA,NA
178,5,86,60,83,60,57,63,2,2.2,2.2,2,2,2
179,2,82,83,81,NA,77,76,4,4,3,NA,3.4,3.6
180,1,67,75,85,73,NA,NA,3.4,3.4,3.8,3,NA,NA
181,1,71,77,76,80,74,60,3.8,4,3.4,3.6,3.2,2.6
182,2,56.47058824,73,74,NA,64,59,3.2,4,3.6,NA,3.6,3.4
183,NA,NA,NA,NA,NA,NA,NA,NA,NA,NA,NA,NA,NA
184,1,85,78,83,76,75,78,4,3.6,3.4,3.2,3,3
185,2,NA,NA,NA,NA,66.66666667,81,3.2,3.4,3.2,3.4,3.4,3.4
186,2,80,80,NA,NA,NA,NA,3.4,3,NA,NA,NA,NA
187,2,83,NA,NA,NA,NA,NA,1.4,NA,NA,NA,NA,NA
188,1,NA,NA,66,NA,NA,82,NA,NA,3.8,NA,NA,3.4
189,2,60,44,NA,NA,NA,NA,3.2,2.6,NA,NA,NA,NA
190,1,62,65,71,70,NA,NA,3,3,3.2,3.2,NA,NA
191,2,56,55,NA,NA,NA,NA,2.2,1.4,NA,NA,NA,NA
192,1,65,60,NA,NA,NA,NA,2.6,2.4,NA,NA,NA,NA
193,2,84,NA,86,87,NA,NA,2.2,NA,3.8,3.8,NA,NA
194,NA,NA,NA,NA,NA,NA,NA,NA,NA,NA,NA,NA,NA
195,NA,NA,NA,NA,NA,NA,NA,NA,NA,NA,NA,NA,NA
196,NA,NA,NA,NA,NA,NA,NA,NA,NA,NA,NA,NA,NA
197,NA,NA,NA,NA,NA,NA,NA,NA,NA,NA,NA,NA,NA
198,2,NA,NA,60,52,66,67,NA,NA,2.8,2.6,2,2.6
199,2,NA,NA,48,NA,37,NA,NA,NA,2.7,NA,3,NA
200,1,NA,NA,90.90909091,89,NA,NA,NA,NA,3.6,3.4,NA,NA
201,1,85,73,88,88,NA,NA,4,3.8,4,4,NA,NA
202,1,61.05263158,67,63.33333333,64,NA,66,3.6,3.4,2.8,3.2,NA,2.8
203,2,95,91,91,96,NA,78,4,3.8,4,4,NA,3
204,NA,NA,NA,NA,NA,NA,NA,NA,NA,NA,NA,NA,NA
205,2,NA,NA,NA,96,NA,NA,NA,NA,NA,3.2,NA,NA
206,2,72.30769231,72.94117647,77,77,NA,NA,4,3.8,3,4,NA,NA
207,1,82.85714286,81.05263158,NA,73,NA,NA,3,3,NA,3,NA,NA
208,2,70.52631579,NA,77,70,NA,90,3,2.666666667,2.8,3,NA,2.8
209,1,75.55555556,NA,NA,88.33333333,NA,NA,4,NA,4,3.8,NA,NA
210,1,73.68421053,NA,67,59,NA,NA,3.2,NA,3.6,3,NA,NA
211,2,NA,82.10526316,66,40,61,NA,4,4,4,4,3.6,NA
212,1,81.42857143,NA,81.05263158,NA,NA,NA,4,NA,3.8,NA,NA,NA
213,4,82,91.57894737,65,67,NA,56,4,3.4,4,3,2.6,3.6
214,2,96,92,93,98,100,100,3.8,4,3.8,4,4,4
215,2,85,86,77,86,92,71,3.8,4,3.6,4,4,4
216,1,79,67,72,76,NA,NA,3.8,3.6,3.8,3.8,NA,NA
217,2,74,79,72,81,75,68.42105263,2.2,2.4,2.4,2.8,2.8,3
218,1,78.94736842,72,61,70,NA,NA,3.4,3,3.4,3.6,NA,NA
219,2,67,91,94,88,93,97.89473684,2.6,3.8,4,4,4,4
220,2,76,74,74,93,81,NA,3,3.4,3.6,3.4,3.4,NA
221,2,75,67,79,95,61,NA,3.4,3.8,3.6,3.8,3.2,NA
222,2,64,57,68,80,61,58,3,2.6,3.5,3.6,3.4,2.6
223,1,87,89,94,90,85,NA,4,3,3.2,3.4,3.2,NA
224,1,55.55555556,51.05263158,44,53,66,67,2.666666667,2.8,2.75,3.4,3.6,3.2
225,5,56,31,NA,NA,58,NA,2,3,NA,2.4,2.25,2
226,NA,NA,NA,NA,NA,NA,NA,NA,NA,NA,NA,NA,NA
227,2,77.89473684,65,57,52,49,60,3.8,3,1.8,3,2,NA
228,1,67,69,57,67,NA,NA,3,3,3,3,NA,NA
229,2,90,NA,62,72,77,NA,3.4,NA,3.8,4,2.6,NA
230,2,NA,95.78947368,NA,45,64,51,NA,4,NA,2.8,2.8,2.4
231,2,88,NA,93,94,NA,NA,4,NA,3.8,3.8,NA,NA
232,1,NA,NA,74,78,NA,NA,NA,NA,3.4,NA,NA,NA
233,1,NA,76,93,60,60,62,4,3.2,3.4,3.4,4,3.6
234,1,50,NA,70.90909091,NA,76,62,3.6,3.333333333,3.6,NA,3.2,2.2
235,1,93,96,95.78947368,NA,NA,NA,3.6,4,4,NA,NA,NA
236,1,87,83,80,78,75,80,4,4,3.2,3.2,3.6,3.2
237,2,93.33333333,91.57894737,86,NA,NA,NA,4,4,4,4,NA,3
238,2,NA,NA,NA,NA,NA,NA,NA,NA,NA,NA,NA,NA
239,1,88,95,84.5,80,NA,NA,4,4,3.8,3.4,NA,NA
240,1,86,70,NA,84.21052632,66.31578947,NA,3.6,3.2,NA,3.2,3.2,NA
241,1,NA,NA,60.625,NA,83,NA,NA,NA,3.6,3.6,4,NA
242,1,62,67,58,49,NA,NA,2.4,2.6,2.4,1.4,NA,NA
243,5,82.22222222,NA,NA,58,NA,NA,4,NA,NA,1.8,NA,NA
244,2,70,74,68,56,53,57,3,2.6,2.6,2.6,2.4,2.6
245,2,94,92,87.27272727,97,96,93,4,3.2,3,3,3,2.8
246,2,81,94,71.57894737,NA,89,NA,3.6,3.4,2.6,1.8,2.2,2.5
247,2,75,79,87,81,60,60,3.8,4,4,4,3.4,3.6
248,1,98,NA,92,95,NA,NA,4,NA,3.4,3.4,NA,NA
249,2,NA,93.33333333,NA,NA,NA,NA,3.8,3.8,NA,NA,NA,NA
250,1,82.10526316,NA,65,NA,NA,NA,2.8,NA,3,NA,NA,NA
251,1,NA,NA,53,49,NA,NA,NA,NA,2.8,2.8,NA,NA
252,1,89,82,NA,NA,NA,NA,3,3.2,NA,NA,NA,NA
253,1,91.76470588,90,NA,NA,86,NA,3.4,4,3.5,3.5,3.6,NA
254,1,86,82,70,74,NA,NA,3,3,4,3.4,NA,NA
255,2,58,91.57894737,95,NA,NA,NA,3.8,3.4,3.8,NA,NA,NA
256,2,68,71,57,67,61,70,3.2,3.2,3,3,3.2,3.2
257,1,NA,NA,69.47368421,63,61,66,3.75,NA,3.8,3.8,3.6,NA
258,1,74.11764706,77.89473684,70.90909091,70.52631579,81,83,3.2,3,2.8,3,3.6,3.4
259,1,83,89,96,87,91,NA,3.8,3.8,3.8,3.8,3.8,NA
260,1,78,80,85,68,NA,NA,3.8,NA,NA,3,NA,NA
261,4,NA,43.52941176,56,60,58,58,3.8,1.6,1.6,2.2,3.4,2.8
262,2,87,82,69.47368421,65,62,53.68421053,3.4,2.8,3.2,3,2.8,3.25
263,1,NA,NA,78,75,NA,NA,NA,NA,3.8,3.2,NA,NA
264,2,74,NA,81,100,NA,NA,2.4,NA,3.2,2.8,NA,NA
265,2,93,87,71,86,73,76,4,4,3,4,3,3.2
266,2,73.33333333,66,62,60,NA,73,2.6,3.4,3.2,3.4,NA,3
267,6,64,75,60,73,60,NA,3.6,3.8,2.2,3.2,2.2,NA
268,1,78,NA,89,67,82,NA,4,NA,4,3.8,3.6,NA
269,2,50,55,69.5,71,74,84,3.4,3.4,3.8,3.6,4,4
270,2,67,65,78,73,NA,67,4,3.8,4,4,NA,4
271,2,39,55.71428571,NA,46,54,NA,2.8,3.2,2.8,2.333333333,2.8,NA
272,2,83,86,83,85,89,86,3,2.6,3.2,3.6,4,3.8
273,2,74,NA,67,73,NA,47,4,4,4,3.8,NA,2.8
274,1,92,96,92,96,60,50,4,4,4,4,2.5,2
275,2,72,72,65.26315789,78,73,75,3.8,3.8,3.6,3.6,3.2,3
276,1,95,NA,95,96,93,94,4,NA,4,4,3.6,3.2
277,2,84,90,89,90,NA,NA,3.8,4,3.2,3.4,NA,NA
278,1,NA,NA,64,61,NA,NA,3.4,4,3.6,2.4,NA,NA
279,1,NA,NA,78,80,71,NA,NA,NA,3.6,3.4,3.4,NA
280,2,90,67,82,87,72,63,3.8,3.2,3.6,3.2,3,2.8
281,2,76,NA,69,55,NA,NA,3.8,4,4,3.6,NA,NA
282,2,96,95,95,91,90,NA,4,4,4,4,4,NA
283,1,70,80,75,72,NA,72,4,4,3.6,3.4,NA,3.2
284,1,NA,NA,72,75,69,NA,NA,NA,2.8,3.2,3,NA
285,2,89,89,87,73,NA,NA,3.4,3.8,3.2,3,NA,NA
286,2,68,73,77,86,82,75,3.4,2.2,2.8,3,2.8,2.8
287,2,90,96,95.78947368,98,NA,NA,3.8,3.8,3.4,3.6,NA,NA
288,2,82,78,96,89,NA,56,3.6,3.6,NA,4,NA,3
289,1,53.68421053,NA,66,56,NA,NA,2.6,NA,3,2.4,NA,NA
290,2,45,NA,50,44,NA,NA,2.6,NA,2.8,2,NA,NA
291,1,65,NA,75,77,NA,NA,3.4,NA,3,3,NA,NA
292,2,96,NA,NA,NA,NA,NA,3.4,NA,NA,NA,NA,NA
293,2,78,71,78,81,58,74,4,3.6,3.8,4,3.8,4
294,NA,NA,NA,NA,NA,NA,NA,NA,NA,NA,NA,NA,NA
295,NA,NA,NA,NA,NA,NA,NA,NA,NA,NA,NA,NA,NA
296,4,69,NA,65,55.78947368,60,59,3.6,NA,3,3,2.8,2.6
297,2,54,75,60,51,NA,NA,3.2,3.4,3,3,NA,NA
298,1,87,84,83,74,NA,NA,3,3.6,3,3.4,NA,NA
299,2,87,88.42105263,80,53,68,70,4,3.6,3.2,2.6,2.8,3
300,1,49.23076923,NA,58,60,62,54.73684211,NA,NA,2.8,3.8,3,2.8
301,1,63,64,79,69,NA,NA,3.2,3.4,3.8,3.4,NA,NA
302,2,77,75,73,NA,40,51,3.4,3.8,3,NA,2.4,3
303,2,NA,59,72,75,62,71,NA,2.8,3,2.2,1.8,2.4
304,NA,NA,NA,NA,NA,NA,NA,NA,NA,NA,NA,NA,NA
305,2,97,100,100,100,96,NA,4,4,4,4,4,4
306,2,67,83,79,96,89,92,3.8,2.4,2.8,3,3.2,4
307,1,69,79,NA,80,84,NA,2.8,2.8,NA,3.2,3.4,NA
308,1,83.15789474,85,91,94,NA,NA,3.2,3.4,3.6,3.8,NA,NA
309,2,90,85,80,73,84,83,3,3.6,3.4,4,4,3.8
310,2,85,96,97,92,85,90,4,3.4,4,4,3.8,3.4
311,1,94,NA,NA,NA,70.90909091,NA,4,NA,3.6,NA,NA,NA
312,2,NA,NA,98.23529412,91.76470588,63,51,NA,NA,3.9,2.625,2.2,1.2
313,1,71,78,71,71,NA,NA,3.2,3.2,3.2,3.6,NA,NA
314,1,44.21052632,28,92,30,38,59,3.6,2.8,4,3.4,2,3.2
315,2,57,65,69,61,NA,NA,2,3,3.4,3,NA,NA
316,2,62.10526316,71.57894737,53,60,NA,NA,3.8,3.6,3.25,3.2,NA,NA
317,2,71,NA,63,NA,76,66,3.2,NA,4,NA,2.2,2.4
318,1,100,NA,94,89,59,NA,4,NA,3.75,4,2,NA
319,2,48.42105263,NA,56.36363636,60,58,NA,3.6,3.2,2.8,2.4,3.4,NA
320,2,51.57894737,63,61,48,63,49,2.2,3.6,3.2,2.6,2.4,2.4
321,2,71,64,85,85,NA,NA,3.4,3.2,3.4,3.2,NA,NA
322,2,100,100,98,96,98,NA,3.8,3,2.4,3.4,4,NA
323,1,NA,62.10526316,60,60,76.84210526,NA,NA,3.6,3,2.8,2.8,NA
324,2,95.55555556,95,NA,96,NA,NA,4,4,3.8,3.4,NA,NA
325,2,NA,NA,94,98,NA,NA,NA,NA,3.6,4,NA,NA
326,2,NA,NA,NA,86,NA,NA,NA,NA,NA,3.4,NA,NA
327,1,59,50.66666667,NA,NA,NA,NA,3,3.6,NA,NA,NA,NA
328,1,91,86,NA,NA,88,93,4,3.8,NA,NA,3.8,4
329,4,85,87,96,92,60,NA,3.2,3.8,2.2,3.2,2.2,NA
330,2,77,88,86,74,NA,NA,3.8,3.6,3.2,3.4,NA,NA
331,1,72,80,83,66,64,80,3.8,3.6,4,3.8,3.8,4
332,1,82,65,78,62,60,NA,3.4,3,3.2,3,2.6,NA
333,2,72,71,67,61,60,NA,4,3.8,2.8,2.8,2.6,NA
334,1,55.78947368,60,72,66,NA,NA,2.8,3.8,4,3.8,NA,NA
335,2,46,48,50,NA,NA,NA,1.8,1.4,2.6,NA,NA,NA
336,1,59,78,77.89473684,61,57,85,3,2.6,3.4,3.2,2.2,3.2
337,2,94,98,98,98,100,100,4,4,4,4,4,4
338,5,54.66666667,56,NA,NA,NA,NA,1.2,2.2,NA,NA,NA,NA
339,1,90,93,NA,NA,NA,NA,3,3,NA,NA,NA,NA
340,2,79,57,69,74,75,NA,3,2.2,2.9,2.7,NA,NA
341,1,62,85.26315789,85,NA,NA,NA,3.4,3.9,3.2,NA,NA,NA
342,1,67,81,76,67,NA,NA,3.4,3.2,3.4,3.2,NA,NA
343,2,82.10526316,90,92,93,78,94,3.2,3.6,3.6,4,3.2,3.4
344,1,NA,86,82,NA,NA,NA,4,4,3.6,NA,NA,NA
345,2,39,NA,49,45,60,67,4,3.4,2.8,3.4,3.2,3.2
346,6,58.42105263,77,67,60,61,NA,3.2,3.8,3,3.2,2.4,NA
347,2,91,90,95,NA,NA,NA,4,4,4,NA,NA,NA
348,2,89,69,50,74,52,57,2,1.6,2,1.8,1.8,2
349,1,78,71,82,72,NA,NA,2.4,2.6,3.4,2.6,NA,NA
350,2,61,67,59,63,62,63,3.2,2.8,2.4,2.4,2.2,2.6
351,NA,NA,NA,NA,NA,NA,NA,NA,NA,NA,NA,NA,NA
352,2,50.52631579,50,NA,NA,NA,NA,1.6,1.5,NA,NA,1,NA
353,1,75,62,NA,NA,NA,NA,3.4,2.6,NA,NA,NA,NA
354,1,60,60,NA,NA,NA,NA,2.8,2.8,NA,NA,NA,NA
355,1,62,NA,58,62,NA,46,3.2,NA,3,2.8,NA,2.2
356,2,84,89,77,80,86,NA,3.8,4,3.8,4,4,NA
357,1,77,74,65,68,67,66,3.4,3.2,3,2.8,2.8,3
358,1,57.89473684,56,NA,NA,NA,NA,3,2.8,NA,NA,NA,NA
359,2,47,62,67,66,NA,NA,1,3,3.2,3.4,NA,NA
360,2,NA,69,NA,NA,NA,NA,NA,4,NA,NA,NA,NA
361,1,69,62.10526316,65,62.66666667,65,NA,3.4,3.333333333,3.2,3,3.6,NA
362,1,53,63,71,NA,NA,69,3.4,3.6,4,NA,NA,2.8
363,1,NA,NA,NA,NA,NA,NA,NA,NA,4,NA,NA,NA
364,2,98,100,93,92,78,81,4,3.8,3.4,2.6,2.8,2.2
365,1,77,67,74,80,78,69.47368421,3.2,3.2,3,3,3,2.8
366,1,65.26315789,65,60,59,56,NA,2.4,2,2.8,2.6,2.4,NA
367,2,86,82,71,84,72,82,3.8,3.2,3.2,3.6,3,3
368,1,86,82,NA,NA,NA,NA,4,4,NA,NA,NA,NA
369,2,90.52631579,95,NA,NA,NA,NA,3.4,3.8,NA,NA,NA,NA
370,2,NA,78.94736842,79,NA,NA,NA,NA,3,2.2,NA,NA,NA
371,2,88,89,NA,NA,NA,NA,4,4,NA,NA,NA,NA
372,1,90,61.05263158,NA,NA,NA,NA,2.8,3.8,NA,NA,NA,NA
373,1,92.63157895,80,86,86,NA,NA,4,4,4,4,NA,NA
374,1,62,62,NA,60,NA,NA,3.4,3,2.6,3,NA,NA
375,1,NA,62,NA,NA,NA,NA,NA,3,NA,NA,NA,NA
376,2,50,38.88888889,41.05263158,47,NA,NA,1.8,1,1.2,1,3,NA
377,1,79,80,80,81,80,NA,4,4,3.8,3.8,4,NA
378,2,63,63,70,64.21052632,NA,NA,3.8,4,4,3.8,NA,NA
379,1,70,69,61,67,NA,NA,3.6,3.2,3,NA,3.2,NA
380,4,74,66,64,NA,NA,NA,3.6,3.2,3,NA,NA,NA
381,2,49.41176471,60,51,38,NA,NA,3.6,2.8,2.4,2.8,NA,NA
382,2,79,80,NA,NA,NA,NA,3.75,3.6,NA,NA,NA,NA
383,2,NA,NA,NA,NA,NA,NA,3.8,4,NA,NA,3,3.2
384,1,63,57,50.76923077,NA,62,45,3.2,2.8,3.2,NA,3,2.8
385,2,62,62,NA,NA,66,45,3.2,3,NA,NA,3,2.4
386,1,63,54.54545455,60,60,63.15789474,62,3.8,2.6,3,2.2,2.4,2.6
387,1,87.77777778,NA,NA,NA,NA,NA,3.8,NA,NA,NA,NA,NA
388,1,NA,NA,NA,NA,NA,NA,NA,3.6,NA,NA,NA,NA
389,1,83,83,NA,NA,NA,NA,3.8,3.8,NA,NA,NA,NA
390,5,100,NA,NA,NA,NA,NA,4,4,NA,NA,NA,NA
391,2,67.36842105,69,NA,67,NA,NA,4,3.6,NA,2.8,NA,NA
392,2,68,60,50.90909091,64,NA,NA,3.8,3.6,3.4,3.4,NA,NA
393,2,NA,89,NA,NA,NA,NA,2,2.2,NA,NA,NA,NA
394,1,66,75,NA,NA,NA,NA,2.8,2.8,NA,NA,NA,NA
395,4,46,47,59,63,65,63,2,2.2,2.2,2.6,2.6,2.4
396,2,NA,NA,92,82,88,79,NA,NA,4,4,4,3.6
397,1,70,73,NA,NA,NA,NA,3.2,2.8,NA,NA,NA,NA
398,2,67.36842105,68.42105263,62,65.26315789,NA,NA,3.2,2.8,3,2.8,NA,NA
399,1,68,83,NA,NA,NA,NA,3,3.6,NA,NA,NA,NA
400,1,77,74,67,69,NA,NA,3.4,3.2,2.8,3,NA,NA
401,2,81,51,56.84210526,68,62,68,2.4,2.4,2,2.1,2.2,2.4
402,1,NA,58.5,NA,NA,NA,NA,2.8,3.4,NA,NA,NA,NA
403,1,NA,NA,72,69,68,NA,NA,NA,2.8,2.8,2.8,NA
404,NA,NA,NA,NA,NA,NA,NA,NA,NA,NA,NA,NA,NA
405,2,73,65,64,67,NA,70,3.8,3,2.8,3.2,NA,3.2
406,1,86,87,71,76,NA,NA,2.8,3.8,3.6,2.6,NA,NA
407,2,51.57894737,NA,NA,58,NA,NA,3,NA,3.2,2.4,NA,NA
408,2,84,90,89,92,NA,64,3.2,3.25,2.2,2.4,NA,2.6
409,1,49,47,54,57.89473684,52,NA,4,3.8,3.2,3.6,3.4,NA
410,2,65,58,54,57.89473684,54,NA,2.8,2.6,2.6,2.7,2.6,NA
411,1,55,58,55,NA,61,NA,4,3.6,3.4,NA,2.6,NA
412,2,95,87,94,89,92,91,3.8,3.4,3.2,3,3.4,3
413,1,NA,72.94117647,77,92,NA,NA,NA,3.6,3,4,NA,NA
414,1,53,50,44,48,49,51,4,3.4,3.6,3.4,3.4,3.2
415,1,NA,NA,NA,NA,NA,NA,3.4,4,NA,3,NA,NA
416,2,88.42105263,77,66,72.72727273,80,NA,3.333333333,3.4,2.8,3.333333333,2.4,NA
417,2,42,60,56,60,67,58,3.2,3.2,4,4,2,3
418,1,73,82,68,83,NA,NA,3.6,4,3.2,4,NA,NA
419,2,NA,55,72,75,NA,NA,NA,1.8,2,2.2,NA,NA
420,1,73.68421053,80,81,72,NA,63,3.4,3.8,3.6,2.6,2,2.8
421,1,72,84,91,NA,NA,NA,3,3.6,4,NA,NA,NA
422,1,70,75,NA,78,NA,NA,3.4,3.2,NA,4,NA,NA
423,1,69,74,77.89473684,71,87,NA,3.6,3,3,3,3.2,NA
424,2,NA,65,74,60,68,69,NA,NA,2.8,2.8,3,1.8
425,1,68,72,62,64,60,NA,3.8,4,3.8,3.2,2.8,NA
426,2,NA,NA,76,69,74,NA,NA,NA,2,2.6,2.2,NA
427,2,74.73684211,77,NA,NA,NA,NA,3.8,3.2,NA,NA,NA,NA
428,2,67.36842105,63.15789474,91,96,97,NA,3.2,3.6,3.4,3.8,3,NA
429,1,66,65,65,NA,NA,NA,2.4,2.4,1.2,NA,NA,NA
430,1,64.21052632,71,62,NA,NA,NA,3.6,3.4,3.4,3.6,NA,NA
431,NA,NA,NA,NA,NA,NA,NA,NA,NA,NA,NA,NA,NA
432,2,85,72,96,81,78.18181818,NA,3.8,4,4,2.6,3.4,NA
433,1,52.85714286,45,NA,NA,NA,NA,4,3.6,3,NA,NA,NA
434,NA,NA,NA,NA,NA,NA,NA,NA,NA,NA,NA,NA,NA
435,4,60,NA,52,64,NA,NA,2.4,2,3,2.6,NA,NA
436,2,84,NA,90,90,91,96,3.6,2.4,2.5,3,2.6,2.6
437,1,59,70.52631579,69,77,NA,71,3,3.4,3.4,3.4,NA,3
438,1,NA,72,NA,NA,65,NA,3.4,3.4,NA,NA,3,NA
439,1,92.63157895,NA,88,NA,NA,NA,3.6,NA,3.2,NA,NA,NA
440,2,70,83,NA,NA,NA,NA,2.4,3,NA,NA,NA,NA
441,1,NA,63.52941176,NA,NA,NA,NA,3.4,4,NA,NA,NA,NA
442,2,82,85,86,88,NA,NA,4,4,3.8,3.4,NA,NA
443,1,NA,65,46.31578947,34,49,57,4,4,4,3.25,4,3
444,1,NA,NA,98,86,NA,NA,NA,NA,4,4,NA,NA
445,2,NA,NA,59,NA,NA,NA,NA,NA,2.2,NA,NA,NA
446,1,NA,NA,60,60,NA,NA,NA,NA,3.8,2.75,NA,NA
447,2,NA,NA,68,57,NA,NA,NA,NA,3.2,2.8,NA,NA
448,2,NA,NA,69,64,NA,NA,NA,NA,3.2,4,NA,NA
449,2,NA,NA,90,80,NA,NA,NA,NA,3.6,3,NA,NA
450,NA,NA,NA,NA,NA,NA,NA,NA,NA,NA,NA,NA,NA
451,2,49,38,NA,NA,NA,NA,2,1.4,NA,NA,NA,NA
452,NA,NA,NA,NA,NA,NA,NA,NA,NA,NA,NA,NA,NA
453,1,75,81,NA,82,NA,NA,3.8,3.6,3.8,3,NA,NA
454,2,NA,NA,87,47,NA,NA,NA,NA,2,1,NA,NA
455,1,NA,NA,48,52,NA,NA,NA,NA,3.4,3.8,NA,NA
456,NA,NA,NA,NA,NA,NA,NA,NA,NA,NA,NA,NA,NA
457,2,82.66666667,NA,NA,NA,NA,NA,2.8,NA,NA,NA,NA,NA
458,2,66,NA,NA,NA,NA,NA,3.4,NA,NA,NA,NA,NA
459,1,NA,64.28571429,NA,NA,NA,NA,NA,3,NA,NA,NA,NA
460,2,85.26315789,82,91,95,NA,95,NA,3,NA,4,NA,4
461,NA,NA,NA,NA,NA,NA,NA,NA,NA,NA,NA,NA,NA
462,1,78.75,NA,70,84.44444444,55,NA,3.333333333,NA,3.6,3.4,3,NA
463,1,NA,NA,63.63636364,NA,NA,NA,NA,NA,3,NA,NA,NA
464,2,NA,NA,64,57,NA,NA,NA,NA,3,4,NA,NA
465,2,86,92,NA,NA,NA,NA,3,3.9,NA,NA,NA,NA
466,NA,NA,NA,NA,NA,NA,NA,NA,NA,NA,NA,NA,NA
467,1,NA,62.10526316,NA,NA,NA,NA,3,2.8,NA,NA,NA,NA
468,1,NA,57.89473684,NA,58,54,73,NA,3.5,NA,2.8,2.6,3.2
469,2,95,96,NA,NA,NA,NA,4,4,NA,NA,NA,NA
470,2,77,74,64,63,70,61,3.2,3,2.4,2.4,2.4,3.2
471,2,NA,46,54,48,69,NA,NA,2.4,3.2,3,3,NA
472,2,88,80,78.94736842,88,83,84,3.8,3.5,2.6,4,4,3.8
473,NA,NA,NA,NA,NA,NA,NA,NA,NA,NA,NA,NA,NA
474,2,79,64,65,63,NA,NA,2.4,2.8,2.2,2.8,NA,NA
475,2,NA,61.11111111,64,56,71,65,NA,2.6,3.2,2.4,3,2.8
476,1,56,45,54,51.11111111,NA,NA,3.6,2.8,3,3.2,NA,NA
477,1,NA,NA,NA,NA,NA,NA,NA,NA,NA,NA,NA,NA
478,NA,NA,NA,NA,NA,NA,NA,NA,NA,NA,NA,NA,NA
479,1,71,NA,NA,NA,NA,NA,3,NA,NA,NA,NA,NA
480,2,NA,64.44444444,NA,60,NA,NA,NA,2.8,NA,2.6,NA,NA
481,2,65,66.31578947,53,55,NA,NA,1.6,2.8,3.4,3,NA,NA
482,1,NA,NA,NA,60,NA,NA,NA,NA,NA,2.2,NA,NA
483,2,92,NA,59,72,79,66,3.75,NA,2.2,3.6,2.8,3.2
484,1,NA,79,NA,NA,NA,NA,NA,4,NA,NA,NA,NA
485,2,NA,54,NA,43,NA,NA,NA,3.8,3.4,3.4,NA,NA
486,2,58.75,NA,NA,NA,NA,NA,2.4,NA,NA,NA,NA,NA
487,1,87,77,NA,88,90,NA,4,4,NA,4,3.4,3.4
488,2,81,74,NA,NA,NA,NA,3.8,3.4,3.4,3,NA,NA
489,2,58,57,58,54,56,NA,2.8,3.4,2.6,2.6,2.6,NA
490,1,NA,84,74,63,64,54,NA,4,4,3.4,3.6,3.6
491,1,93,88.42105263,NA,NA,NA,NA,4,4,NA,NA,NA,NA
492,1,NA,NA,79,78,NA,NA,NA,NA,3.4,3.4,NA,NA
493,NA,NA,NA,NA,NA,NA,NA,NA,NA,NA,NA,NA,NA
494,1,NA,NA,52,67,NA,NA,NA,NA,3.2,2.8,NA,NA
495,1,67.77777778,85,NA,51.57894737,NA,NA,4,4,NA,2.5,NA,NA
496,1,88.23529412,82.10526316,88,90,NA,NA,3.4,3.4,3.75,4,NA,NA
497,1,NA,63.15789474,NA,61,NA,67,3.4,1.4,NA,NA,NA,2.4
498,2,66,50,68,53,56.84210526,43.15789474,2.5,2.2,3,3,2.4,3
499,1,59,NA,NA,60,NA,NA,3.6,NA,3.8,3,NA,NA
500,1,NA,NA,79,51,NA,NA,NA,NA,4,3.6,NA,NA
501,1,NA,NA,NA,65.26315789,59,NA,NA,NA,NA,3.8,2.6,NA
502,1,NA,NA,59,NA,NA,NA,NA,NA,3.6,NA,NA,NA
503,1,71,NA,NA,NA,NA,NA,2.6,NA,NA,NA,NA,NA
504,2,85.26315789,83,NA,NA,NA,NA,3.25,3.4,NA,NA,NA,NA
505,2,85.55555556,81.05263158,NA,75.78947368,NA,57,4,3.8,NA,2.5,NA,2.4
506,1,86.25,71,71,60,74,71,3.6,2.666666667,3.4,3.25,3.2,3.4
507,1,65.55555556,73.75,58,NA,NA,NA,3,3.5,3,NA,NA,NA
508,1,84.44444444,NA,67,60,NA,NA,3.2,NA,3.6,2.4,NA,NA
509,2,57,NA,53,45,NA,NA,3.2,NA,2.8,2.4,NA,NA
510,2,NA,73,78,72,NA,NA,NA,2.6,3,1.4,NA,NA
511,2,50.66666667,41,47,46,50,59,2,3.2,2.8,2.6,2.6,2.8
512,2,36,NA,48,54,NA,NA,3.4,NA,3.4,2.2,NA,NA
513,1,NA,NA,NA,NA,NA,NA,NA,4,4,4,NA,NA
514,2,66,68,57,69,NA,NA,2.4,NA,3.5,3.4,NA,NA
515,2,NA,74,87.77777778,78,NA,NA,NA,1.8,2.25,3.2,NA,NA
516,6,83.33333333,60,70,NA,NA,NA,3.6,2.2,3,NA,NA,NA
517,6,60,85,61,NA,NA,NA,2,3.4,2.2,NA,NA,NA
518,2,73.68421053,71,50,54,NA,NA,2.8,1.8,2.4,2,NA,NA
519,5,69.41176471,78,76,NA,NA,NA,3,3.6,3.8,NA,NA,NA
520,2,96,93,62,58,NA,81.05263158,NA,4,3.6,2.8,NA,3.6
521,1,62,62,NA,NA,NA,NA,2,3.4,NA,NA,NA,NA
522,2,NA,47.14285714,NA,NA,NA,NA,NA,3,NA,NA,NA,NA
523,1,68.88888889,73,57.77777778,81.57894737,74,83,3.8,3.4,2.8,3.1,3.4,4
524,2,NA,NA,NA,69,78,NA,3.6,NA,NA,3.5,4,3.8
525,2,NA,74.73684211,64,73,63,70,NA,3.2,2.8,4,3.4,3.4
526,2,NA,NA,84,66,NA,NA,2.6,NA,3.4,NA,NA,NA
527,2,63,NA,59,66,NA,NA,3.4,3.2,3,3.25,NA,NA
528,1,60,58.5,54,NA,NA,NA,2.8,2.6,3.2,NA,NA,NA
529,2,NA,41,46,60,NA,NA,NA,2.8,3.4,3,NA,NA
530,NA,NA,NA,NA,NA,NA,NA,NA,NA,NA,NA,NA,NA
531,1,75,60,NA,82,NA,NA,4,2.6,NA,4,NA,NA
532,1,NA,66.31578947,68,69.47368421,NA,NA,NA,3.4,3.75,3.2,NA,NA
533,1,NA,92,62.22222222,73.68421053,NA,NA,NA,4,4,3.6,NA,NA
534,1,84,80,75,70,NA,NA,3.4,3,3.8,3.4,NA,NA
535,2,55.29411765,64.70588235,68,67,NA,NA,3,3.4,3.6,3.2,NA,NA
536,1,NA,NA,NA,66,67,73,NA,NA,NA,3,2.8,NA
537,1,NA,57.89473684,NA,69,NA,NA,NA,2.6,NA,2.4,NA,NA
538,1,NA,NA,NA,NA,NA,NA,4,NA,NA,NA,NA,NA
539,5,NA,66,65,NA,NA,NA,NA,1.8,2.6,NA,NA,NA
540,1,74.73684211,86,NA,90,NA,NA,3.25,3.4,NA,3.4,NA,NA
541,1,63,67.36842105,NA,NA,NA,NA,3.8,3.4,NA,1.4,NA,NA
542,2,NA,NA,70,NA,87.36842105,68,NA,4,4,NA,4,3
543,1,NA,74,NA,83,NA,NA,NA,3,1.8,2.6,NA,NA
544,2,NA,59,57,67,NA,NA,3.2,3.4,3.4,4,NA,NA
545,2,53,53,NA,NA,NA,NA,2.8,3.6,NA,NA,NA,NA
546,2,92,86,NA,NA,NA,NA,2.4,2.4,NA,NA,NA,NA
547,2,82.10526316,81.05263158,81,80,NA,NA,3.8,2.8,3.8,3.4,NA,NA
548,2,72,NA,NA,NA,NA,NA,3.4,NA,NA,NA,NA,NA
549,2,59,53,50,52,54,61,2.6,3,3.2,3,2.8,2.6
550,2,35,29,28,28,29,56,2.4,2.2,2.6,2.4,2,2.4
551,1,NA,NA,NA,37,NA,NA,NA,NA,NA,3,NA,NA
552,2,83,56,69,66,NA,NA,2.6,3,3.2,3.2,NA,NA
553,2,76,55,NA,NA,NA,NA,3,4,NA,NA,NA,NA
554,1,72.94117647,68,NA,NA,NA,NA,4,3.6,NA,2.8,NA,NA
555,1,77.77777778,96,NA,83,NA,NA,3.6,4,NA,3.8,NA,NA
556,1,NA,76,NA,NA,NA,NA,3,3.4,NA,NA,NA,NA
557,1,56.84210526,NA,NA,60,NA,NA,3,NA,NA,3,NA,NA
558,1,74.11764706,71,68,65,NA,NA,4,4,4,4,NA,NA
559,2,95,91.57894737,71.11111111,69,NA,NA,4,4,NA,2.8,NA,NA
560,2,57,43,NA,NA,NA,NA,3.8,3,NA,NA,NA,NA
561,NA,NA,NA,NA,NA,NA,NA,NA,NA,NA,NA,NA,NA
562,1,NA,51,54,NA,NA,NA,NA,2.8,2,NA,NA,NA
563,NA,NA,NA,NA,NA,NA,NA,NA,NA,NA,NA,NA,NA
564,2,NA,42,NA,NA,NA,NA,NA,2,NA,NA,NA,NA
565,1,NA,NA,NA,NA,NA,NA,NA,2.2,NA,NA,NA,NA
566,2,NA,50,55,40,NA,NA,NA,2.8,1.8,1.2,NA,NA
567,1,NA,86,80,NA,70,NA,NA,3.4,4,3.2,3.4,3.4
568,NA,NA,NA,NA,NA,NA,NA,NA,NA,NA,NA,NA,NA
569,1,NA,NA,NA,NA,NA,NA,NA,2.75,NA,NA,NA,NA
570,2,NA,NA,NA,NA,NA,NA,NA,NA,NA,NA,NA,NA
571,2,NA,NA,NA,NA,NA,NA,NA,NA,2.6,3.2,NA,NA
572,1,NA,NA,71,NA,NA,NA,NA,NA,3.2,NA,NA,NA
573,2,NA,NA,65.45454545,NA,NA,NA,NA,NA,4,NA,NA,NA
574,1,NA,NA,70,51,NA,NA,NA,NA,3.6,3.8,NA,NA
575,2,NA,NA,NA,NA,NA,NA,NA,NA,NA,NA,NA,NA
576,2,NA,NA,55,NA,NA,NA,NA,NA,2.4,NA,NA,NA
577,2,NA,NA,86,69,NA,NA,NA,NA,3.8,2,NA,NA
578,2,NA,NA,68,NA,NA,NA,NA,NA,1.6,NA,NA,NA
579,1,NA,NA,78,67,NA,NA,NA,NA,3.2,3.2,NA,NA
580,2,NA,NA,NA,71.66666667,NA,NA,NA,NA,3.4,NA,NA,NA
581,2,NA,NA,63.33333333,61.05263158,63,NA,NA,NA,2.6,2.8,2.2,NA
582,1,NA,NA,NA,92,NA,NA,NA,NA,NA,3.2,NA,NA
583,2,NA,NA,85,70,75,58,NA,NA,4,4,4,4
584,1,NA,NA,NA,NA,82,NA,NA,NA,NA,3.4,4,NA
585,2,NA,NA,89,NA,NA,NA,NA,NA,3.8,NA,NA,NA
586,2,NA,NA,62,NA,63,61,NA,NA,3.4,NA,3,3
587,1,NA,NA,68,67,NA,NA,NA,NA,2.4,2.8,NA,NA
588,1,NA,NA,89,93,NA,92,NA,NA,3,3.2,NA,3.2
589,2,NA,NA,60,63,NA,NA,NA,NA,3.2,2.6,NA,NA
590,2,NA,NA,54,82,NA,NA,NA,NA,3,3.2,NA,NA
591,1,NA,NA,72.5,NA,NA,NA,NA,NA,2.75,NA,NA,NA
592,1,NA,NA,70,84,NA,NA,NA,NA,3.4,4,NA,NA
593,1,NA,NA,70,60,NA,NA,NA,NA,3.6,2.6,NA,NA
594,2,NA,NA,73,76,88,91,NA,NA,4,4,4,4
595,2,NA,NA,60,60,59,NA,NA,NA,1.6,1.8,2.6,NA
596,1,NA,NA,69,55,NA,NA,NA,NA,3.4,3.4,NA,NA
597,1,NA,NA,74.28571429,63.52941176,NA,NA,NA,NA,3.5,4,NA,NA
598,NA,NA,NA,NA,NA,NA,NA,NA,NA,NA,NA,NA,NA
599,NA,NA,NA,NA,NA,NA,NA,NA,NA,NA,NA,NA,NA
600,2,NA,NA,NA,76.47058824,NA,NA,NA,NA,NA,3,NA,NA
601,1,NA,NA,NA,61,NA,NA,NA,NA,NA,3,NA,NA
602,2,NA,NA,55,68,70,60,NA,NA,2.4,3.4,3.2,3.8
603,2,NA,NA,44,42,60,NA,NA,NA,2.4,2.7,3.2,NA
604,1,NA,NA,NA,96,NA,NA,NA,NA,NA,4,NA,NA
605,2,NA,NA,67,NA,NA,NA,NA,NA,2.8,NA,NA,NA
606,NA,NA,NA,NA,NA,NA,NA,NA,NA,NA,NA,NA,NA
607,1,NA,NA,NA,NA,NA,NA,NA,NA,3.2,NA,NA,NA
608,NA,NA,NA,NA,NA,NA,NA,NA,NA,NA,NA,NA,NA
609,NA,NA,NA,NA,NA,NA,NA,NA,NA,NA,NA,NA,NA
610,2,NA,NA,47.27272727,75,NA,NA,NA,NA,3,4,NA,NA
611,1,NA,NA,72,80,NA,NA,NA,NA,2,3.2,NA,NA
612,1,NA,NA,NA,NA,NA,NA,NA,NA,3.4,NA,NA,NA
613,2,NA,NA,75,76,NA,NA,NA,NA,3,3,NA,NA
614,NA,NA,NA,NA,NA,NA,NA,NA,NA,NA,NA,NA,NA
615,NA,NA,NA,NA,NA,NA,NA,NA,NA,NA,NA,NA,NA
616,2,NA,NA,90,84,NA,91,NA,NA,4,4,NA,4
617,NA,NA,NA,NA,NA,NA,NA,NA,NA,NA,NA,NA,NA
618,2,NA,NA,59,57,NA,NA,NA,NA,3,2.8,NA,NA
619,NA,NA,NA,NA,NA,NA,NA,NA,NA,NA,NA,NA,NA
620,1,NA,NA,93,67,NA,NA,NA,NA,2,2.6,NA,NA
621,1,NA,NA,NA,59,NA,NA,NA,NA,NA,2.8,NA,NA
622,1,NA,NA,78,77,NA,NA,NA,NA,3.8,3.4,NA,NA
623,NA,NA,NA,NA,NA,NA,NA,NA,NA,NA,NA,NA,NA
624,NA,NA,NA,NA,NA,NA,NA,NA,NA,NA,NA,NA,NA
625,NA,NA,NA,NA,NA,NA,NA,NA,NA,NA,NA,NA,NA
626,1,NA,NA,80,68.42105263,63,57,NA,NA,3.8,3.8,3.8,3.6
627,NA,NA,NA,NA,NA,NA,NA,NA,NA,NA,NA,NA,NA
628,1,NA,NA,78,81.11111111,NA,NA,NA,NA,4,NA,NA,NA
629,1,NA,NA,59,49,NA,NA,NA,NA,4,NA,NA,NA
630,1,NA,NA,NA,NA,NA,NA,NA,NA,NA,NA,NA,NA
631,1,NA,NA,87,87.36842105,96,NA,NA,NA,4,2.75,3.2,NA
632,2,NA,NA,60,82,NA,NA,NA,NA,3,3.4,NA,NA
633,2,NA,NA,NA,67.36842105,NA,NA,NA,NA,NA,3.4,NA,NA
634,1,NA,NA,NA,62,NA,NA,NA,NA,NA,4,NA,NA
635,1,NA,NA,59,NA,NA,86,NA,NA,2.6,NA,NA,3.2
636,1,NA,NA,73,74,NA,NA,NA,NA,3,3,NA,NA
637,1,NA,NA,62,61.81818182,NA,NA,NA,NA,4,3.8,3.4,NA
638,2,NA,NA,69,65,NA,NA,NA,NA,4,4,NA,NA
639,2,NA,NA,NA,62,NA,NA,NA,NA,NA,3,NA,NA
640,1,NA,NA,66,NA,NA,NA,NA,NA,3.666666667,NA,NA,NA
641,2,NA,NA,53,82,72,64,NA,NA,3,3.8,3.4,2.6
642,1,NA,NA,NA,NA,NA,NA,NA,NA,NA,3.75,NA,NA
643,NA,NA,NA,NA,NA,NA,NA,NA,NA,NA,NA,NA,NA
644,2,NA,NA,67,74.54545455,NA,88,NA,NA,3.8,2.6,NA,2.8
645,NA,NA,NA,NA,NA,NA,NA,NA,NA,NA,NA,NA,NA
646,NA,NA,NA,NA,NA,NA,NA,NA,NA,NA,NA,NA,NA
647,5,NA,NA,57,75,NA,NA,NA,NA,3.6,3.6,NA,NA
648,2,NA,NA,NA,63,NA,NA,NA,NA,NA,3.4,NA,NA
649,NA,NA,NA,NA,NA,NA,NA,NA,NA,NA,NA,NA,NA
650,2,NA,NA,NA,47,NA,NA,NA,NA,NA,3.5,3.333333333,NA
651,1,NA,NA,63.33333333,NA,NA,NA,NA,NA,3.2,NA,NA,NA
652,2,NA,NA,NA,76,66,66,NA,NA,NA,3.8,3.2,3.8
653,NA,NA,NA,NA,NA,NA,NA,NA,NA,NA,NA,NA,NA
654,2,NA,NA,93,89,81,85,NA,NA,3.4,3.8,4,3
655,2,NA,NA,NA,65,NA,NA,NA,NA,NA,3.4,NA,NA
656,NA,NA,NA,NA,NA,NA,NA,NA,NA,NA,NA,NA,NA
657,NA,NA,NA,NA,NA,NA,NA,NA,NA,NA,NA,NA,NA
658,2,NA,NA,NA,60,NA,NA,NA,NA,NA,2.8,NA,NA
659,1,NA,NA,69.09090909,NA,83,NA,NA,NA,2.666666667,2.666666667,3.2,NA
660,2,NA,NA,84,64,NA,NA,NA,NA,3.2,3.6,NA,NA
661,NA,NA,NA,NA,NA,NA,NA,NA,NA,NA,3,NA,NA
662,2,NA,NA,70,62,NA,78,NA,NA,4,3.2,4,3.8
663,1,NA,NA,86,76.66666667,NA,NA,NA,NA,4,4,NA,NA
664,1,NA,NA,68.42105263,60,NA,NA,NA,NA,3.2,2.5,NA,NA
665,2,NA,NA,NA,65,NA,NA,NA,NA,NA,4,NA,NA
666,1,NA,NA,71,73,NA,NA,NA,NA,2.4,2.4,NA,NA
667,2,NA,NA,NA,NA,NA,NA,NA,NA,4,2.8,NA,NA
668,NA,NA,NA,NA,NA,NA,NA,NA,NA,NA,NA,NA,NA
669,1,NA,NA,65.26315789,70,NA,68.75,NA,NA,2.6,3,NA,3.5
670,NA,NA,NA,NA,NA,NA,NA,NA,NA,NA,NA,NA,NA
671,2,NA,NA,60,NA,NA,NA,NA,NA,2.6,NA,NA,NA
672,2,NA,NA,NA,65.88235294,NA,NA,NA,NA,NA,2.75,NA,NA
673,1,NA,NA,NA,NA,NA,NA,NA,NA,2.8,NA,NA,NA
674,NA,NA,NA,NA,NA,NA,NA,NA,NA,NA,NA,NA,NA
675,1,NA,NA,57,NA,NA,NA,NA,NA,3.8,NA,NA,NA
676,2,NA,NA,43,NA,NA,NA,NA,NA,2.6,NA,NA,NA
677,2,NA,NA,60,29,77,60,NA,NA,3.8,3.2,3.4,2.8
678,2,NA,NA,88,91,NA,NA,NA,NA,3,2.8,NA,NA
679,1,NA,NA,84,73,NA,NA,NA,NA,3.8,4,NA,NA
680,1,NA,NA,NA,NA,NA,NA,NA,NA,NA,3.6,NA,NA
681,2,NA,NA,65,63,NA,NA,NA,NA,3,3.2,NA,NA
682,2,NA,NA,NA,49,NA,NA,NA,NA,NA,2,NA,NA
683,1,NA,NA,48.42105263,52,NA,NA,NA,NA,2.6,1.8,NA,NA
684,1,NA,NA,NA,60,NA,NA,NA,NA,3.4,2.6,NA,NA
685,2,NA,NA,66,55,NA,NA,NA,NA,4,4,NA,NA
686,2,NA,NA,56,NA,NA,NA,NA,NA,3.6,NA,NA,NA
687,1,NA,NA,NA,88,NA,NA,NA,NA,NA,4,NA,NA
688,NA,NA,NA,NA,NA,NA,NA,NA,NA,NA,NA,NA,NA
689,1,NA,NA,NA,60,77,NA,NA,NA,3.25,2.25,4,NA
690,NA,NA,NA,NA,NA,NA,NA,NA,NA,NA,NA,NA,NA
691,1,NA,NA,84,93,NA,NA,NA,NA,4,4,NA,NA
692,NA,NA,NA,NA,NA,NA,NA,NA,NA,NA,NA,NA,NA
693,2,NA,NA,58,61,69,74,NA,NA,3,2.6,NA,3.4
694,NA,NA,NA,NA,NA,NA,NA,NA,NA,NA,NA,NA,NA
695,2,NA,NA,63,65,NA,NA,NA,NA,3.8,3,NA,NA
696,1,NA,NA,NA,63,NA,NA,NA,NA,NA,3,NA,NA
697,1,NA,NA,82,NA,NA,NA,NA,NA,3,NA,NA,NA
698,1,NA,NA,92,NA,NA,NA,NA,NA,3.4,NA,NA,NA
699,2,NA,NA,75,NA,NA,NA,NA,NA,2.8,NA,NA,NA
700,1,NA,NA,61,33,NA,NA,NA,NA,4,2,NA,NA
701,NA,NA,NA,NA,NA,NA,NA,NA,NA,NA,NA,NA,NA
702,2,NA,NA,NA,46,NA,NA,NA,NA,NA,2.8,NA,NA
703,1,NA,NA,NA,53,58,NA,NA,NA,NA,3.2,3.4,NA
704,2,NA,NA,NA,85.26315789,NA,NA,NA,NA,NA,3.8,3.6,NA
705,1,NA,NA,NA,NA,NA,NA,NA,NA,NA,3.1,NA,NA
706,NA,NA,NA,NA,NA,NA,NA,NA,NA,NA,NA,NA,NA
707,1,NA,NA,NA,60,NA,NA,NA,NA,NA,2.8,NA,NA
708,NA,NA,NA,NA,NA,NA,NA,NA,NA,NA,NA,NA,NA
709,1,NA,NA,NA,47,NA,NA,NA,NA,NA,3,NA,NA
710,NA,NA,NA,NA,NA,NA,NA,NA,NA,NA,NA,NA,NA
711,1,NA,NA,NA,NA,NA,NA,NA,NA,NA,NA,NA,NA
712,NA,NA,NA,NA,NA,NA,NA,NA,NA,NA,NA,NA,NA
713,NA,NA,NA,NA,NA,NA,NA,NA,NA,NA,NA,NA,NA
714,1,NA,NA,NA,57.89473684,NA,NA,NA,NA,NA,1.8,NA,NA
715,1,90,NA,NA,NA,NA,NA,4,NA,NA,NA,NA,NA
716,1,54.66666667,52.94117647,NA,NA,NA,NA,3,3.6,NA,NA,NA,NA
717,2,60,53,NA,NA,NA,NA,3.2,3.2,NA,NA,NA,NA
718,1,64,NA,NA,NA,NA,NA,2.6,NA,NA,NA,NA,NA
719,2,75,75,NA,NA,NA,NA,4,2.8,NA,NA,NA,NA
720,1,62,59,NA,NA,NA,NA,2.8,3.8,NA,NA,NA,NA
721,1,62.66666667,66,NA,NA,NA,NA,1.8,3.6,NA,NA,NA,NA
722,2,NA,93,NA,NA,93,NA,NA,4,NA,NA,3.8,NA
723,1,70.52631579,NA,NA,NA,NA,NA,3.8,NA,NA,NA,NA,NA
724,2,77,81.25,NA,NA,NA,NA,2.5,3.4,NA,NA,NA,NA
725,1,72.63157895,74,63,NA,NA,61,3.4,3.4,2.4,NA,NA,2.4
726,1,NA,NA,NA,NA,NA,NA,NA,3,NA,NA,NA,NA
727,1,54.73684211,82.5,NA,NA,NA,NA,2.75,2.8,NA,NA,NA,NA
728,2,NA,NA,NA,NA,NA,NA,NA,NA,NA,NA,NA,NA
729,5,85,NA,77,67,92,83,4,NA,4,3.6,4,4
730,1,68,82.10526316,NA,89,NA,87,4,4,NA,4,NA,4
731,1,58.82352941,64,NA,NA,NA,NA,4,4,NA,NA,NA,NA
732,1,53,75,NA,NA,NA,NA,2,1,NA,NA,NA,NA
733,1,68,88,NA,NA,NA,NA,3.2,3.875,NA,NA,NA,NA
734,1,82,65.55555556,NA,NA,NA,NA,3.2,2.8,NA,NA,NA,NA
735,1,55.29411765,60,NA,NA,NA,NA,3.4,3.4,NA,NA,NA,NA
736,2,60,86,NA,NA,NA,NA,2.4,3.25,NA,NA,NA,NA
737,1,62,62,NA,NA,NA,NA,3,2.6,NA,NA,NA,NA
738,1,66.25,66.31578947,NA,NA,NA,NA,2.4,2.6,NA,NA,NA,NA
739,1,41,NA,30,NA,57,NA,2.8,NA,2.8,NA,2.6,NA
740,2,76,78,NA,NA,NA,NA,3.8,3.8,NA,NA,NA,NA
741,2,70,68,NA,60,56.84210526,60,3.6,4,3.4,4,3.4,4
742,2,69,61,NA,NA,NA,NA,4,3.8,NA,NA,NA,NA
743,1,56,NA,NA,NA,78,73,3.6,NA,NA,NA,2.6,3
744,2,NA,NA,NA,NA,NA,NA,2.8,2.4,3.8,NA,NA,NA
745,2,NA,NA,NA,NA,NA,NA,3,NA,NA,NA,NA,NA
746,2,NA,60.625,NA,NA,NA,NA,NA,2.6,NA,NA,NA,NA
747,2,62,70,NA,NA,NA,NA,3.2,3.4,NA,NA,NA,NA
748,1,56.66666667,NA,NA,NA,NA,NA,3.4,NA,NA,NA,NA,NA
749,2,83,81,NA,NA,64.21052632,NA,2.6,3,NA,NA,3.6,NA
750,2,86,NA,NA,NA,NA,NA,3.2,NA,NA,NA,NA,NA
751,2,33,NA,NA,NA,NA,NA,NA,NA,NA,NA,NA,NA
752,1,72,NA,NA,NA,NA,NA,2.75,NA,NA,NA,NA,NA
753,NA,NA,71,NA,NA,NA,NA,NA,3,NA,NA,NA,NA
754,1,64,NA,NA,NA,NA,NA,3.8,NA,NA,NA,NA,NA
755,1,56.66666667,47.36842105,NA,NA,NA,NA,1.6,1.8,NA,NA,NA,NA
756,NA,NA,75.55555556,NA,NA,NA,NA,NA,NA,NA,NA,NA,NA
757,2,58.88888889,NA,NA,40,35,51,2.8,NA,NA,3.4,2,3
758,1,63,80,NA,NA,NA,NA,2.8,3.2,NA,NA,NA,NA
759,2,57,59,NA,NA,NA,NA,2.8,2,NA,NA,NA,NA
760,1,60,60,NA,NA,NA,NA,3.5,3.2,NA,NA,NA,NA
761,2,NA,77,NA,NA,NA,NA,NA,3.8,NA,NA,NA,NA
762,2,74.28571429,68,78,NA,86,NA,1.6,3.2,3,NA,2.8,NA
763,2,NA,NA,NA,NA,NA,81.05263158,3.2,3.6,NA,3.2,NA,3.6
764,NA,NA,NA,NA,NA,NA,NA,NA,NA,NA,NA,NA,NA
765,NA,NA,NA,NA,NA,NA,NA,NA,NA,NA,NA,NA,NA
766,2,NA,65.26315789,NA,NA,NA,NA,NA,3.4,NA,NA,NA,NA
767,2,49,86.25,NA,NA,NA,NA,4,4,NA,NA,NA,NA
768,2,43.33333333,58,NA,NA,NA,83,2.8,3.8,NA,NA,NA,NA
769,2,82,61.11111111,NA,NA,NA,NA,3,3.2,NA,NA,NA,NA
770,2,NA,62.22222222,NA,NA,NA,NA,2.333333333,2.8,NA,NA,NA,NA
771,1,50,74.73684211,NA,NA,NA,NA,3.8,3.8,NA,NA,NA,NA
772,2,70,79,NA,NA,NA,NA,3.8,4,NA,NA,NA,NA
773,1,60,64,NA,NA,NA,NA,2.2,1.4,NA,NA,NA,NA
774,2,58,75,NA,NA,NA,NA,3.2,4,NA,NA,NA,NA
775,1,NA,45,NA,NA,NA,NA,NA,1.8,NA,NA,NA,NA
776,1,98,99,NA,NA,NA,NA,4,4,NA,NA,NA,NA
777,NA,NA,NA,NA,NA,NA,NA,NA,NA,NA,NA,NA,NA
778,1,47,51,58,NA,NA,NA,3,4,4,NA,NA,NA
779,2,71,NA,NA,NA,NA,NA,2.5,NA,NA,NA,NA,NA
780,2,71,66,NA,NA,NA,84,2.4,3,NA,NA,NA,2.8
781,2,76.66666667,79,NA,NA,NA,NA,3.2,4,NA,NA,NA,NA
782,2,73.33333333,77,NA,NA,NA,NA,2.6,3.6,NA,NA,NA,NA
783,1,47,62.5,NA,NA,NA,NA,3.6,4,NA,NA,NA,NA
784,1,57,78.82352941,NA,NA,NA,NA,3.6,3.4,NA,NA,NA,NA
785,NA,NA,NA,NA,NA,NA,NA,NA,NA,NA,NA,NA,NA
786,1,90,NA,NA,NA,NA,NA,2.8,NA,NA,NA,NA,NA
787,2,69,NA,NA,NA,NA,NA,2.8,NA,NA,NA,NA,NA
788,1,61.05263158,NA,NA,NA,NA,NA,1.6,NA,NA,NA,NA,NA
789,4,65.71428571,55,NA,NA,NA,NA,3,2.8,NA,NA,NA,NA
790,NA,NA,NA,NA,NA,NA,NA,NA,NA,NA,NA,NA,NA
791,1,NA,NA,NA,NA,NA,NA,4,4,NA,NA,NA,NA
792,1,85,90,NA,NA,NA,NA,3.6,4,NA,NA,NA,NA
793,1,NA,78,NA,NA,NA,NA,3.8,4,NA,NA,NA,NA
794,2,94,94,NA,NA,NA,NA,3.8,4,NA,NA,NA,NA
795,1,70,42.85714286,NA,NA,NA,NA,4,4,NA,NA,NA,NA
796,2,74.11764706,NA,NA,NA,NA,NA,2.2,NA,NA,NA,NA,NA
797,1,70,68,NA,NA,NA,NA,4,3.8,NA,NA,NA,NA
798,1,75,87.77777778,74,NA,NA,NA,3.4,3.6,2.8,NA,NA,NA
799,1,55.71428571,NA,NA,NA,NA,NA,3.8,3,NA,NA,NA,NA
800,1,69,NA,NA,NA,NA,NA,4,NA,NA,NA,NA,NA
801,NA,NA,NA,NA,NA,NA,NA,NA,NA,NA,NA,NA,NA
802,2,83.52941176,NA,NA,NA,NA,NA,4,NA,NA,NA,NA,NA
803,2,58.33333333,58.94736842,NA,NA,NA,NA,3,3.4,NA,NA,NA,NA
804,1,57.77777778,NA,NA,NA,NA,NA,3,2.4,NA,NA,NA,NA
805,1,76,77.77777778,NA,NA,67,62,3.2,3.6,NA,NA,3.8,3.6
806,2,67.5,76.66666667,NA,NA,NA,NA,3.25,3.8,NA,NA,NA,NA
807,1,76,60,NA,NA,NA,NA,3.6,2.6,NA,NA,NA,NA
808,NA,NA,NA,NA,NA,NA,NA,NA,NA,NA,NA,NA,NA
809,NA,NA,NA,NA,NA,NA,NA,NA,NA,NA,NA,NA,NA
810,2,76,71,70,NA,NA,74,2.2,2.4,3,NA,NA,3.4
811,1,73,NA,NA,NA,NA,NA,3.6,NA,NA,NA,NA,NA
812,NA,NA,NA,NA,NA,NA,NA,NA,NA,NA,NA,NA,NA
813,2,NA,58.88888889,NA,NA,NA,NA,NA,1.6,NA,NA,NA,NA
814,1,72,NA,NA,NA,58,NA,4,NA,NA,NA,2.4,NA
815,2,NA,47,NA,NA,NA,NA,NA,3,NA,NA,NA,NA
816,1,NA,62.22222222,NA,NA,NA,NA,NA,NA,NA,NA,NA,NA
817,2,97.89473684,NA,NA,NA,NA,NA,2.8,NA,NA,NA,NA,NA
818,1,57,77,NA,NA,NA,NA,4,3.6,NA,NA,NA,NA
819,1,NA,NA,NA,NA,NA,NA,2.8,4,NA,NA,NA,NA
820,2,NA,70.58823529,NA,NA,NA,NA,NA,2.8,NA,NA,NA,NA
821,NA,NA,NA,NA,NA,NA,NA,NA,NA,NA,NA,NA,NA
822,NA,NA,NA,NA,NA,NA,NA,NA,NA,NA,NA,NA,NA
823,2,NA,88.42105263,NA,NA,NA,NA,NA,3.4,NA,NA,NA,NA
824,2,NA,52,NA,NA,NA,NA,NA,2.8,NA,NA,NA,NA
825,2,87.36842105,74,NA,NA,NA,NA,3.8,3.2,NA,NA,NA,NA
826,2,44,41.05263158,28.42105263,31,33,NA,2.6,2.2,2.2,2.2,1.8,NA
827,1,55,NA,NA,59,NA,NA,2.75,NA,NA,NA,NA,NA
828,1,96,NA,NA,NA,NA,NA,NA,NA,NA,NA,NA,NA
829,1,95,NA,NA,NA,NA,NA,3.4,NA,NA,NA,NA,NA
830,2,79,74,68,61,NA,66,2.4,2,1.4,1.5,NA,2.8
831,1,79,69.47368421,61,60,60,NA,4,3.4,4,4,4,NA
832,1,64.21052632,69,76.84210526,89,89,88,3,3,3.4,3.6,3.8,4
833,2,81,78.94736842,77,77.89473684,NA,NA,3,3.2,3.8,3.2,NA,NA
834,1,NA,NA,NA,86,NA,NA,NA,NA,NA,3.2,NA,NA
835,1,65,74.73684211,84,78,NA,59,2.4,2.8,3,3.25,NA,2.8
836,1,60,NA,NA,NA,NA,NA,2.8,NA,NA,NA,NA,NA
837,1,89,93,93,81,87,82,4,4,3.8,3.4,3.6,3.8
838,2,68,77,80,84,83,89,3.4,3,3.2,3.2,2.8,3
839,NA,NA,NA,NA,NA,NA,NA,NA,NA,NA,NA,NA,NA
840,NA,NA,NA,NA,NA,NA,NA,NA,NA,NA,NA,NA,NA
841,2,NA,76,NA,NA,NA,NA,4,3.4,NA,NA,NA,NA
842,1,83.15789474,74,70,65,NA,NA,3.25,3.8,3.2,3.2,NA,NA
843,2,85,59,69,68,69,80,4,3.2,4,3.6,4,4
844,1,93.5,NA,NA,NA,NA,NA,4,NA,NA,NA,NA,NA
845,2,57,66,74,75,71,74,2.6,3.2,3,3.8,3.8,3.2
846,2,91,83,90,75,82,76,4,3.8,3.4,3.4,3.2,3.6
847,2,58,73,68,NA,NA,NA,3,NA,2.8,NA,NA,NA
848,2,84.21052632,88,NA,NA,NA,NA,3.8,3.75,NA,NA,NA,NA
849,2,58,48,60,63,60,62,3,1.8,2.8,1.6,2,2.4
850,2,66,61,64,67,68,64,3.2,2.8,3,3,2.6,2.8
851,1,93.33333333,75,77,79,NA,91,3.8,3.8,3.2,3.6,NA,2.8
852,1,80,80,NA,83,67,62,1.8,3.6,2,2.8,2.8,2.4
853,2,74.11764706,71,83.63636364,65,NA,64,2.8,3.2,3.2,3.4,NA,2.4
854,6,86.66666667,NA,63.63636364,58,NA,NA,4,3.4,NA,2.8,NA,NA
855,1,73,82.22222222,65,NA,NA,NA,4,4,3.6,NA,NA,NA
856,2,NA,NA,65.26315789,66,NA,52.63157895,NA,NA,1.8,1.8,NA,2
857,2,49,56,51,65,NA,NA,3,2.8,2.4,2.4,NA,NA
858,1,87,86.31578947,85,92,NA,NA,3.6,4,3.4,4,NA,NA
859,2,42.66666667,31.57894737,44,NA,NA,NA,1.8,1.6,2.8,NA,NA,NA
860,2,53,40,NA,81,57,NA,2.6,2.2,NA,3.4,3.4,NA
861,2,33,39,89,42,NA,NA,1.6,2.2,2,2.6,NA,NA
862,1,NA,NA,76,NA,NA,NA,NA,NA,2.8,NA,NA,NA
863,1,NA,82,96,99,NA,NA,NA,4,4,4,NA,NA
864,2,52.22222222,NA,NA,65,NA,NA,1.8,NA,NA,2,NA,NA
865,2,69,69,60,46,NA,55,3.2,2.6,2.8,3,NA,2.5
866,2,41,34,41,30,NA,NA,2.2,2,1,2,NA,NA
867,1,48,64.21052632,52,NA,NA,NA,3.8,2.75,2.6,2.8,NA,NA
868,2,90,96.84210526,99,100,NA,NA,3.8,4,4,4,NA,NA
869,1,94.73684211,90,93.68421053,98.88888889,NA,NA,3.4,4,3.6,3.4,2.2,NA
870,2,71.57894737,64,46,NA,NA,61,3.2,3.8,3,NA,NA,2.6
871,2,63,66,54,52,NA,NA,3.8,3.6,3.2,2.2,NA,NA
872,5,57.64705882,42,39,43,60,57.89473684,4,3.6,3.4,3.2,3.4,2.75
873,2,68.75,72,72,72,NA,NA,4,4,3,3,NA,NA
874,2,75,65,64.73684211,54.5,NA,NA,3,2.6,2.7,2.8,NA,NA
875,2,48.42105263,NA,44,41,NA,NA,2.8,NA,2,1.875,2.6,NA
876,1,74.73684211,NA,64,57.89473684,61,59,2.5,4,2.4,3.2,2.4,3.2
877,1,56.84210526,43.75,NA,NA,NA,NA,3.4,3.4,NA,NA,NA,NA
878,1,94.44444444,61.11111111,73,79,NA,66,4,3.2,3.4,3.4,NA,3
879,2,63,62,53,53,59,58,2.8,3.2,2.4,3,2.4,2.75
880,1,82,87,NA,NA,89,94,3.8,3.6,NA,NA,3.8,4
881,1,NA,NA,NA,71,NA,NA,NA,NA,3.4,4,NA,NA
882,2,93,91,96,96,96,96,3.8,3.8,4,4,4,4
883,2,55,59,44,NA,NA,NA,2.6,2.6,2.6,NA,NA,NA
884,1,74,83,76,84,90,NA,3,3,3,3.4,2.333333333,NA
885,1,63,57,71.57894737,67,NA,60,3.8,3.8,3.2,3.2,NA,2.6
886,1,85.55555556,89,89,93,NA,NA,4,4,4,3.6,NA,NA
887,1,78,60,NA,NA,NA,NA,1.6,NA,NA,NA,NA,NA
888,1,94.28571429,87.69230769,NA,93,NA,NA,4,4,NA,4,NA,NA
889,2,70,63,73,72.72727273,NA,NA,3,3.2,3.6,3.4,NA,NA
890,2,84,88,NA,NA,NA,NA,3.6,3.2,NA,NA,NA,NA
891,1,74,59,56,56,58,67,3.2,2.166666667,3,2.6,3,3
892,2,42.22222222,NA,NA,NA,NA,NA,2.6,3,NA,3.2,NA,2.2
893,1,80,77,77,86,91,NA,2.5,3.4,3.2,3.4,4,NA
894,6,66,NA,60,64.28571429,NA,NA,3.8,NA,2.5,2.6,NA,NA
895,1,84,48,75,80,NA,90,2.4,1.8,3.666666667,3.4,NA,3.2
896,1,58.82352941,64.21052632,NA,79,NA,60,2.6,4,NA,3.8,NA,3
897,2,NA,53.33333333,58.94736842,51.5,NA,NA,NA,NA,2.625,2.75,NA,NA
898,2,88,80,64,NA,NA,NA,4,3.4,3.4,NA,NA,NA
899,NA,NA,NA,NA,NA,NA,NA,NA,NA,NA,NA,NA,NA
900,1,60,68.42105263,68,76,NA,NA,4,4,4,4,NA,NA
901,NA,NA,NA,NA,NA,NA,NA,NA,NA,NA,NA,NA,NA
902,1,84.44444444,51.57894737,74,64,NA,62,3,4,3.4,3,NA,1.6
903,1,68,NA,51,NA,NA,NA,3.4,NA,2.4,NA,NA,NA
904,2,NA,76.36363636,74,NA,NA,NA,3.4,3.2,2.8,NA,NA,NA
905,1,77.89473684,78,59,80,NA,NA,2.2,3,1.6,3.6,NA,NA
906,2,64.44444444,59,NA,67,69,69,3.6,3.2,NA,3.2,2.8,3
907,2,82.35294118,NA,NA,NA,NA,NA,3.4,NA,NA,NA,NA,NA
908,1,80,NA,60,NA,60,61.05263158,4,NA,2.6,3.6,2.8,NA
909,2,56.84210526,46,28.42105263,63,46,32,2.8,2.6,3.4,2.8,2.8,3.2
910,1,NA,NA,78.94736842,NA,96,NA,NA,NA,3.6,NA,4,NA
911,2,86,77,71,77,89,79,3.6,3.8,4,3.4,3.8,4
912,6,62,65.26315789,59,73.68421053,55,51.76470588,3.8,4,4,4,1.8,NA
913,2,47.22222222,52,60.5,57.89473684,56,NA,1.3,1.8,2.5,1.7,2,NA
914,1,65,60,51,53,NA,NA,4,3.8,3.4,3.2,NA,NA
915,2,71,78,46,38,NA,NA,4,3.4,2.6,2.8,NA,NA
916,2,81,67.36842105,89,100,92,81,3.6,3,3.8,3.8,3.4,3.6
917,2,88.42105263,88,82,72,NA,NA,4,3.6,3.8,3.2,NA,NA
918,2,86,74,80,86,NA,60,3.75,4,3.4,4,NA,NA
919,2,NA,NA,87,75.78947368,NA,NA,NA,NA,2.8,2.4,NA,NA
920,2,72,78,NA,NA,NA,NA,3.4,3,NA,NA,NA,NA
921,2,59,66,76,74,70,71,2.4,2.4,3,2.6,2.6,2.6
922,5,46.66666667,44,46,46,NA,NA,2,2.4,2.4,1.4,NA,NA
923,2,91,78.94736842,81,NA,60,NA,3.2,2.3,3.4,2.875,3.4,3
924,1,48.88888889,57.89473684,NA,74,NA,NA,3.25,3.2,NA,3,NA,NA
925,1,NA,74.44444444,76,78,NA,NA,NA,3.333333333,3.2,2.8,NA,NA
926,2,76,56.84210526,60,71,60,NA,3.8,3.2,3,2.8,2.75,2.5
927,2,73,68.42105263,NA,75,66,NA,3.8,3.4,NA,3.2,3,NA
928,1,92,NA,NA,NA,NA,NA,3.6,NA,4,3.2,NA,NA
929,5,87,58.66666667,62,60,NA,NA,3.4,2,2.5,2.8,NA,NA
930,2,68,69,72,86,66,63,3.2,3.6,3.8,3.8,3.8,4
931,2,58,60,NA,NA,NA,NA,3,3.2,NA,NA,NA,NA
932,2,49,NA,NA,NA,NA,NA,3.6,NA,NA,NA,NA,NA
933,2,76,62.10526316,55,70,NA,59,2.8,2.4,2.8,2,NA,2.4
934,2,82,82,76,75,62,NA,2.4,1.4,2,2.2,2,2
935,2,NA,NA,88,97,87.36842105,NA,3.6,NA,2.8,3.4,3.8,NA
936,1,NA,NA,69,NA,NA,NA,NA,NA,NA,NA,NA,NA
937,2,83,NA,92,93,NA,NA,3.4,NA,4,4,NA,NA
938,2,88,92,86,76,69.47368421,72,2.8,4,3.6,3.4,3,2.75
939,1,57.64705882,NA,34,57,59,NA,3.4,1.8,2,1,2.8,NA
940,1,90,74,81,81,60,NA,3.6,2.8,2.8,3.2,2.4,NA
941,2,67,51,51,56,NA,NA,2.4,2.4,1.8,2,NA,NA
942,2,84,91,66,86,76,NA,4,3.8,3.5,3.2,3.2,NA
943,2,79,65,68,NA,NA,NA,3.6,3,3,NA,NA,NA
944,6,91,81.53846154,66,64,77,67,3.4,3.6,4,3.75,4,4
945,2,60,52,53.68421053,45,NA,NA,2.8,3.8,4,2.8,NA,NA
946,2,78,80,79,82,NA,NA,3.4,3.6,3.2,2.8,NA,NA
947,2,63.75,41.11111111,NA,26,NA,NA,2.8,3.2,2.8,2.6,NA,NA
948,2,59,62,59,79,NA,60,3.2,3,3.4,3.2,NA,3.8
949,1,56,67,67.36842105,57,NA,NA,4,3,3.2,3,NA,NA
950,1,NA,NA,NA,NA,NA,NA,3.333333333,NA,NA,NA,NA,NA
951,1,65,75,72,81,NA,NA,3.8,4,4,4,NA,NA
952,1,77.5,78.66666667,87.36842105,90,86,92,3.4,3.6,3.8,4,4,4
953,1,NA,NA,NA,76.36363636,NA,NA,NA,NA,3.2,3.6,NA,NA
954,1,48.88888889,NA,NA,NA,NA,NA,3.4,3.8,NA,NA,NA,NA
955,2,84,NA,NA,NA,NA,NA,3.8,NA,NA,NA,NA,NA
956,2,NA,93,94,98,90,99,NA,4,3.4,3.8,4,3.8
957,1,78.82352941,NA,NA,59,NA,NA,3.6,NA,2.666666667,3.2,NA,NA
958,2,89,83.15789474,70,83,52,77,2.4,2,1.9,2.4,2.25,3.2
959,2,81.05263158,73,75,69,NA,NA,1.2,2,2,2.4,NA,NA
960,1,65,82,NA,NA,NA,NA,3.2,3,NA,NA,NA,NA
961,2,54,55,44,56,NA,63,2.4,2.2,2.2,2.6,NA,3
962,5,61,55.78947368,35,31,NA,NA,1.2,1.4,1,1,NA,NA
963,2,67,67,60,66,69,NA,2.2,2.9,1.8,1.6,NA,NA
964,1,64.21052632,66,64,61,NA,NA,3.2,3.4,3,3,NA,NA
965,2,55.55555556,53.68421053,NA,29,52,39,3.8,3.4,NA,3.8,3.2,4
966,4,52,53.33333333,47,65,NA,NA,3.3,2,2,2.8,NA,NA
967,1,76,NA,58,78,NA,NA,3.8,3.4,4,4,NA,NA
968,1,93,91,87,NA,92,92,3.8,4,4,3,4,3.8
969,6,51,46,58,55,NA,NA,2.6,2.4,2.4,2.6,NA,NA
970,2,57.89473684,75,70,71,NA,NA,3.6,4,4,3.8,NA,NA
971,6,43,56,NA,NA,NA,NA,1.6,2.6,NA,3.25,2.8,NA
972,1,NA,80,80,83,NA,NA,NA,3.6,4,4,NA,NA
973,2,79,73,71,84,82,68,2,2.8,3.2,3.6,2,2.8
974,5,62,46,49,38,40,NA,3.2,1.8,2.4,1.4,1.6,2.2
975,1,80,77,73,64,NA,NA,3.2,3.2,3,3.2,NA,NA
976,1,49,NA,51,52,NA,NA,2,NA,NA,3.6,NA,NA
977,2,77,70,72,69,NA,NA,3.8,4,3.4,3.4,NA,NA
978,2,54.11764706,37.64705882,NA,NA,NA,NA,3.6,3,NA,NA,NA,NA
979,1,83,93,82,93,57,NA,3.6,4,4,4,2.2,NA
980,2,75,76.84210526,75,76,NA,NA,3.6,3.5,3,3,NA,NA
981,2,52,53,52,48,58,NA,2.4,2,2,2,1.8,NA
982,2,81,74,69,75,73,62,3,2.4,2.8,3,3,2.6
983,1,83,NA,NA,NA,NA,NA,4,NA,NA,NA,NA,NA
984,6,81.11111111,78.94736842,70.90909091,74,NA,NA,3.6,2.9,3.2,3.2,NA,NA
985,1,74.44444444,75,71,67,75,71,3,3,3,2.8,3,3
986,1,89,83,66,61,62,66,3.4,3.4,3.4,3.2,2.2,3.8
987,2,52.22222222,46.31578947,41.81818182,35,59,NA,1.4,1.6,2,1.2,2.4,NA
988,2,NA,NA,55,47,47,68,NA,NA,2.8,2.6,1,1.6
989,2,92,NA,53,64,63,NA,2.8,NA,1,2.2,2.8,NA
990,1,NA,62.22222222,NA,NA,NA,NA,3.2,3.2,NA,NA,NA,NA
991,2,69.47368421,NA,NA,NA,NA,NA,3.2,NA,NA,NA,NA,NA
992,1,81,NA,NA,77,57,61,3.8,NA,NA,3.8,2.2,3.2
993,1,91,96,NA,88,87,99,4,4,NA,4,3.8,4
994,2,64,NA,NA,61,NA,NA,4,NA,NA,4,NA,NA
995,1,70,NA,NA,67.36842105,NA,NA,2.4,3.8,3.2,3.6,NA,2.8
996,2,69.41176471,79,68,75,NA,NA,2.75,2.6,2.8,3,NA,NA
997,2,70.76923077,67.77777778,NA,68,NA,NA,3.666666667,3.8,3.333333333,2.1,NA,NA
998,1,92,NA,NA,NA,NA,NA,4,NA,NA,NA,NA,NA
999,2,65,NA,64,71,NA,65,3.2,NA,3,3.4,NA,3.4
1000,1,NA,NA,NA,60,NA,NA,NA,NA,NA,2.4,NA,NA
1001,2,77,60,64,63,NA,NA,3.6,3,3.4,2.4,NA,NA
1002,1,NA,76,NA,NA,NA,NA,NA,3,NA,NA,NA,NA
1003,1,NA,68,95,60,NA,NA,NA,3.75,3.8,2.8,NA,NA
1004,2,NA,70,60,63,55,NA,NA,3.2,3.2,3.8,3.6,3.8
1005,NA,NA,NA,NA,NA,NA,NA,NA,NA,NA,NA,NA,NA
1006,1,NA,NA,31.57894737,52,NA,NA,NA,3.75,3.5,3.25,NA,NA
1007,NA,NA,NA,NA,NA,NA,NA,NA,NA,NA,NA,NA,NA
1008,1,NA,NA,67,NA,NA,NA,NA,NA,4,NA,NA,NA
1009,2,NA,NA,55,92,NA,NA,NA,NA,3.6,3.4,NA,NA
1010,2,NA,NA,52,52,NA,NA,NA,NA,2.4,2.75,NA,NA
1011,2,NA,NA,NA,65,NA,NA,NA,NA,NA,3.4,NA,NA
1012,2,NA,NA,51,70,NA,NA,NA,NA,2.2,3.2,NA,NA
1013,2,NA,NA,72,67,NA,NA,NA,NA,1.8,2.2,NA,NA
1014,1,NA,NA,72,NA,61.05263158,NA,NA,NA,3.4,NA,3.2,NA
1015,1,NA,NA,82.10526316,NA,73,NA,NA,NA,3.6,NA,3.4,NA
1016,NA,NA,NA,NA,NA,NA,NA,NA,NA,NA,NA,NA,NA
1017,2,NA,NA,65,58,NA,NA,NA,NA,2.4,2.4,NA,NA
1018,2,NA,NA,57,NA,NA,NA,NA,NA,1.4,NA,NA,NA
1019,2,NA,NA,71.57894737,53.68421053,NA,NA,NA,NA,3.8,3.2,NA,NA
1020,2,NA,NA,NA,77,89,94,NA,NA,NA,3,3.2,3.2
1021,2,NA,NA,NA,51,NA,NA,NA,NA,NA,1.8,NA,NA
1022,1,NA,NA,NA,54,NA,NA,NA,NA,NA,4,4,NA
1023,1,51,NA,NA,NA,NA,NA,3.8,NA,NA,NA,NA,NA
1024,1,53,NA,NA,NA,55,NA,3.8,NA,NA,NA,2.4,NA
1025,1,61,NA,NA,NA,NA,NA,4,NA,NA,NA,NA,NA
1026,2,84,82,NA,NA,84,70,3.6,3.4,NA,NA,3.2,3
1027,2,69,68,NA,NA,NA,83,3.6,4,NA,NA,NA,3.8
1028,1,77,NA,NA,NA,NA,NA,3.6,NA,NA,NA,NA,NA
1029,2,NA,87,NA,NA,78,63.15789474,NA,4,NA,NA,3.8,3.6
1030,2,90,NA,87,94,89,92,3.75,4,4,4,4,4
1031,2,82,87,89,87,67,64,4,4,4,4,3.8,3.8
1032,1,76,NA,NA,NA,NA,NA,3.8,NA,NA,NA,NA,NA
1033,1,72.63157895,61,60,NA,83,NA,2.8,NA,2,NA,1.8,NA
1034,1,74,71.57894737,NA,NA,NA,NA,3.8,2.8,NA,NA,NA,NA
1035,2,63.52941176,66.66666667,NA,NA,NA,NA,3.4,4,NA,NA,NA,NA
1036,2,74,72,NA,NA,NA,NA,3.8,3.2,NA,NA,NA,NA
1037,NA,NA,NA,NA,NA,NA,NA,NA,NA,NA,NA,NA,NA
1038,2,75,65.5,NA,NA,NA,NA,3.1,2.5,NA,NA,NA,NA
1039,1,78.94736842,76.66666667,NA,NA,NA,NA,1.6,1.2,NA,NA,NA,NA
1040,1,58.94736842,NA,NA,NA,NA,NA,1.6,NA,NA,NA,NA,NA
1041,1,84,80,NA,NA,NA,NA,4,3.8,NA,NA,NA,NA
1042,2,57,54.66666667,NA,NA,81.05263158,84,3.8,2.6,NA,NA,3.8,3
1043,2,69,59,NA,55,NA,NA,3,3,NA,3.2,NA,2.6
1044,2,75,86,63,NA,84,85,3.6,2.6,3.2,NA,3,3
1045,1,NA,63,NA,NA,NA,NA,NA,4,NA,NA,NA,NA
1046,NA,NA,NA,NA,NA,NA,NA,NA,NA,NA,NA,NA,NA
1047,NA,NA,NA,NA,NA,NA,NA,NA,NA,NA,NA,NA,NA
1048,1,78,74.73684211,69,61,NA,NA,3.25,3.4,4,2.2,NA,NA
1049,2,71.11111111,77,NA,NA,NA,71,2.8,2.6,NA,NA,NA,2.4
1050,NA,NA,NA,NA,NA,NA,NA,NA,NA,NA,NA,NA,NA
1051,1,89,83,NA,NA,NA,NA,4,4,NA,NA,NA,NA
1052,NA,NA,NA,NA,NA,NA,NA,NA,NA,NA,NA,NA,NA
1053,1,46,47,NA,NA,NA,NA,1.8,NA,NA,NA,NA,NA
1054,NA,NA,NA,NA,NA,NA,NA,NA,NA,NA,NA,NA,NA
1055,NA,NA,NA,NA,NA,NA,NA,NA,NA,NA,NA,NA,NA
1056,NA,NA,NA,NA,NA,NA,NA,NA,NA,NA,NA,NA,NA
1057,1,60,56.11111111,NA,NA,NA,NA,2.6,2,NA,NA,NA,NA
1058,2,68,NA,57,NA,NA,NA,2.75,NA,2.2,NA,NA,NA
1059,NA,NA,NA,NA,NA,NA,NA,NA,NA,NA,NA,NA,NA
1060,1,61,NA,NA,NA,NA,NA,3,NA,NA,NA,NA,NA
1061,2,70,89,NA,NA,NA,NA,3.4,3.2,NA,NA,NA,NA
1062,1,NA,NA,NA,NA,NA,59,3.2,NA,NA,NA,NA,2.5
1063,1,83.33333333,82,97,NA,97,96,4,4,4,NA,4,4
1064,2,72,72.63157895,NA,NA,NA,NA,3.5,3,NA,NA,NA,NA
1065,1,78,NA,NA,NA,NA,NA,3.4,NA,NA,NA,NA,NA
1066,1,66.66666667,NA,NA,NA,NA,NA,3.6,NA,NA,NA,NA,NA
1067,2,NA,62,NA,NA,NA,NA,NA,3,NA,NA,NA,NA
1068,4,87.36842105,84,60,NA,61,61,3.8,4,3,NA,3,2.6
1069,1,NA,NA,NA,NA,NA,NA,3.6,NA,NA,NA,NA,3.2
1070,NA,NA,NA,NA,NA,NA,NA,NA,NA,NA,NA,NA,NA
1071,1,NA,NA,NA,NA,NA,NA,NA,NA,NA,NA,NA,NA
1072,1,70,65,NA,NA,NA,NA,3,2.8,NA,NA,NA,NA
1073,2,91,NA,NA,NA,NA,NA,3.2,NA,NA,NA,NA,NA
1074,1,87.36842105,69,NA,NA,NA,NA,2.5,3,NA,NA,NA,NA
1075,2,28,52,NA,NA,NA,NA,3.4,2.8,NA,NA,NA,NA
1076,2,86,78,NA,NA,60,NA,3.4,4,NA,NA,3.2,NA
1077,2,50.58823529,44.21052632,NA,NA,NA,NA,2.8,2.2,NA,NA,NA,NA
1078,2,58.75,59,NA,NA,NA,NA,2.666666667,NA,NA,NA,NA,NA
1079,1,70,57,NA,NA,61,60,3.2,2.6,NA,NA,2.6,2.4
1080,2,71.57894737,NA,NA,NA,NA,NA,2.4,NA,NA,NA,NA,NA
1081,2,48,58,NA,NA,NA,NA,1.4,2.8,NA,NA,NA,NA
1082,1,49,48,NA,NA,NA,NA,3.6,2.4,NA,NA,NA,NA
1083,2,84,59,NA,NA,57,NA,3.4,2.6,NA,NA,3,NA
1084,1,65,NA,NA,NA,NA,NA,3.6,NA,NA,NA,NA,NA
1085,1,60,NA,NA,NA,NA,NA,3.6,NA,NA,NA,NA,NA
1086,2,75,72,NA,NA,NA,NA,2.2,1.4,NA,NA,NA,NA
1087,6,95,82,95,49.47368421,74,NA,3.8,2.6,3.2,1.2,3.8,NA
1088,1,72,83,NA,NA,NA,59,3.6,3.8,NA,NA,NA,2.8
1089,1,63.88888889,58.42105263,NA,NA,NA,NA,NA,3.625,NA,NA,NA,NA
1090,2,65,66,NA,NA,66,66,2.4,2.6,NA,NA,2.6,3
1091,1,60,63,NA,NA,56,NA,3.8,2.8,NA,NA,2.8,NA
1092,NA,NA,NA,NA,NA,NA,NA,NA,NA,NA,NA,NA,NA
1093,2,69,51,61,61,65,61,2,2,2.4,2,2.2,2.6
1094,2,85,93,96,NA,64,84,3.4,3.4,3.8,NA,2.8,3
1095,1,60,58,NA,NA,NA,67.5,3.2,3.4,NA,NA,NA,NA
1096,1,63.33333333,64,NA,NA,NA,60,3,3.2,NA,NA,NA,3.2
1097,1,71,NA,NA,NA,NA,NA,4,NA,NA,NA,NA,NA
1098,NA,NA,NA,NA,NA,NA,NA,NA,NA,NA,NA,NA,NA
1099,1,65,60,NA,NA,NA,NA,2.4,4,NA,NA,NA,NA
1100,1,74.44444444,71.57894737,NA,NA,NA,NA,2.8,3,NA,NA,NA,NA
1101,2,67.77777778,83,NA,NA,NA,75,3.4,NA,NA,NA,NA,3.4
1102,2,71.57894737,66,74,NA,59,60,3.75,2.75,2.4,NA,3,2.6
1103,2,75,81,NA,NA,NA,NA,2.6,2.6,NA,NA,NA,NA
1104,1,NA,NA,NA,NA,NA,NA,3,NA,NA,NA,NA,NA
1105,1,58.82352941,52,NA,NA,NA,NA,2.6,3.2,NA,NA,NA,NA
1106,6,80,79,60,NA,68,NA,2,2.8,1.2,NA,1.6,NA
1107,1,58,52,NA,NA,NA,NA,2.4,2.5,NA,NA,NA,NA
1108,NA,NA,NA,NA,NA,NA,NA,NA,NA,NA,NA,NA,NA
1109,1,NA,82,74,NA,NA,60,NA,3.2,3.4,NA,NA,2.8
1110,NA,NA,NA,NA,NA,NA,NA,NA,NA,NA,NA,NA,NA
1111,2,57.77777778,52,NA,NA,52,55,1.6,1.8,NA,NA,2.2,2
1112,2,62,53,NA,NA,59,53,3.2,1.8,NA,NA,1,2
1113,2,30,NA,NA,NA,NA,24,1.2,1.2,NA,NA,NA,1.8
1114,1,70.58823529,72,NA,NA,NA,72,4,4,NA,NA,NA,3.6
1115,2,52,63,NA,NA,NA,64,1,2,NA,NA,NA,2.6
1116,1,NA,46,NA,NA,NA,NA,NA,3.4,NA,NA,NA,NA
1117,2,NA,61,NA,NA,NA,67,NA,3.2,NA,NA,NA,3.4
1118,NA,NA,NA,NA,NA,NA,NA,NA,NA,NA,NA,NA,NA
1119,1,90,NA,NA,NA,NA,NA,4,NA,NA,NA,NA,NA
1120,2,NA,60,NA,NA,NA,NA,2.8,2.8,NA,NA,NA,NA
1121,1,70.52631579,72,NA,60,60,60,3,3.6,3.6,2.8,2.6,2.4
1122,2,83.15789474,58,NA,NA,NA,NA,3.6,3.2,NA,NA,NA,NA
1123,1,58,62,73,72,NA,NA,3.2,3.4,3.8,4,NA,NA
1124,2,67,51.57894737,NA,NA,NA,NA,3.2,2.4,NA,NA,NA,NA
1125,1,57,60,NA,NA,NA,NA,3.6,3.6,NA,NA,NA,NA
1126,2,81,63.15789474,78,90,87,89.47368421,3.8,3,3.4,4,4,3.6
1127,NA,NA,NA,NA,NA,NA,NA,NA,NA,NA,NA,NA,NA
1128,NA,57.64705882,NA,NA,NA,NA,NA,3.6,NA,NA,NA,NA,NA
1129,1,81,NA,NA,NA,NA,NA,4,NA,NA,NA,NA,NA
1130,1,57.14285714,53,NA,NA,NA,NA,3.6,2.8,NA,NA,NA,NA
1131,2,67,81,NA,73,54,66,4,4,NA,3,2,3
1132,2,93,92,95,NA,93,97,3.6,3.2,3.4,NA,3.6,3.2
1133,2,59,61.05263158,NA,NA,NA,NA,3.4,3,NA,NA,NA,NA
1134,2,60,48,NA,NA,NA,NA,3.6,3.2,NA,NA,NA,NA
1135,1,67.14285714,NA,81,NA,NA,NA,3.6,NA,3.6,NA,NA,NA
1136,1,66.25,NA,NA,NA,NA,NA,4,NA,NA,NA,NA,NA
1137,1,78,NA,NA,NA,NA,NA,3.8,NA,NA,NA,NA,NA
1138,2,38,56,NA,NA,NA,NA,1.6,1.8,NA,NA,NA,NA
1139,1,77.89473684,84,79,90,80,61,3.2,3.6,3.2,3.2,2.8,2.6
1140,1,66,55,NA,NA,49,NA,3.6,3.8,NA,NA,3.8,NA
1141,1,72,80,NA,NA,NA,NA,3.4,4,NA,NA,NA,NA
1142,2,73,80,NA,NA,NA,NA,4,4,NA,NA,NA,NA
1143,2,95,97,96,NA,86,90,3.8,4,4,NA,3.8,4
1144,NA,NA,NA,NA,NA,NA,NA,NA,NA,NA,NA,NA,NA
1145,NA,NA,NA,NA,NA,NA,NA,NA,NA,NA,NA,NA,NA
1146,NA,NA,NA,NA,NA,NA,73,NA,NA,NA,NA,NA,2.4
1147,2,NA,58.57142857,NA,NA,NA,88,NA,3.4,NA,NA,NA,1.6
1148,NA,NA,NA,NA,NA,NA,NA,NA,NA,NA,NA,NA,NA
1149,2,28,36.84210526,NA,NA,NA,NA,2.2,2,NA,NA,NA,NA
1150,NA,NA,NA,NA,NA,NA,NA,NA,NA,NA,NA,NA,NA
1151,NA,NA,NA,NA,NA,NA,NA,NA,NA,NA,NA,NA,NA
1152,1,57,68,NA,NA,NA,NA,2.6,3.8,NA,NA,NA,NA
1153,NA,NA,NA,NA,NA,NA,NA,NA,NA,NA,NA,NA,NA
1154,4,87,NA,95,NA,NA,NA,4,NA,4,NA,NA,NA
1155,1,68,NA,NA,NA,NA,NA,3.6,NA,NA,NA,3.6,2.8
1156,1,86,NA,NA,NA,NA,81,3.6,NA,NA,NA,NA,3.8
1157,1,52.85714286,NA,NA,NA,NA,NA,3.4,NA,NA,NA,NA,NA
1158,1,62,NA,NA,NA,NA,NA,4,NA,NA,NA,NA,NA
1159,2,78,87,NA,NA,NA,NA,4,3.2,NA,NA,NA,NA
1160,NA,NA,NA,NA,NA,NA,NA,NA,NA,NA,NA,NA,NA
1161,1,48,60,73,NA,28,79,2.4,3.6,1,NA,1.2,1.6
1162,2,58,55,NA,NA,NA,NA,4,3.4,NA,NA,NA,NA
1163,2,59,54,NA,NA,NA,NA,3,1.4,NA,NA,NA,NA
1164,2,61,62.35294118,NA,NA,NA,NA,3.8,3.2,NA,NA,NA,NA
1165,1,85,89.47368421,NA,NA,62,NA,3.6,2.8,NA,NA,2.6,NA
1166,1,78,75,NA,NA,73,82,3.6,3,NA,NA,4,4
1167,2,60,55,NA,NA,NA,NA,3.6,3.6,NA,NA,NA,NA
1168,5,NA,NA,NA,NA,62,NA,NA,NA,NA,NA,2.4,NA
1169,NA,NA,NA,NA,NA,NA,71,NA,NA,NA,NA,NA,3.6
1170,1,94,70,NA,NA,76,75,4,3.8,NA,NA,3.2,2.8
1171,1,62,65,61,NA,63,NA,3.4,3.2,3.4,NA,3,NA
1172,1,63,NA,NA,NA,NA,NA,3,NA,NA,NA,NA,NA
1173,1,65.26315789,NA,NA,NA,NA,NA,4,NA,NA,NA,NA,NA
1174,1,80,86,NA,NA,NA,NA,3.6,3.8,NA,NA,NA,NA
1175,NA,NA,NA,NA,NA,NA,NA,NA,NA,NA,NA,NA,NA
1176,1,54,51,NA,NA,NA,NA,3.8,4,NA,NA,NA,NA
1177,NA,NA,NA,NA,NA,NA,NA,NA,NA,NA,NA,NA,NA
1178,2,NA,94,NA,NA,NA,NA,NA,NA,NA,NA,NA,NA
1179,1,81,74,70,69,66,72,3.6,4,3.8,3.6,4,3.8
1180,1,NA,67,NA,NA,NA,NA,NA,3.8,NA,NA,NA,NA
1181,1,NA,62,NA,NA,NA,NA,2.666666667,3.4,NA,NA,NA,NA
1182,2,37.5,80,NA,NA,NA,NA,3.6,3.8,NA,NA,NA,NA
1183,2,86,66,70,64,56,60,3.8,3.2,3.2,3.2,3.4,3.2
1184,2,67,65,NA,NA,NA,NA,NA,3.4,NA,NA,NA,NA
1185,2,94,95,NA,NA,NA,NA,4,4,NA,NA,NA,NA
1186,2,71,83,78,89,94,91,3.6,3.2,3.4,3.8,3.4,3.6
1187,2,90,94,NA,NA,NA,NA,3.4,3,NA,NA,NA,NA
1188,2,68,57,NA,NA,NA,NA,2.8,2,NA,NA,NA,NA
1189,2,35,43,NA,NA,NA,NA,3.4,3.4,NA,NA,NA,NA
1190,2,NA,91,NA,NA,NA,NA,NA,2.6,NA,NA,NA,NA
1191,1,NA,74,NA,NA,NA,NA,NA,4,NA,NA,NA,NA
1192,NA,NA,NA,NA,NA,NA,NA,NA,NA,NA,NA,NA,NA
1193,1,NA,55.55555556,NA,NA,NA,NA,NA,2.8,NA,NA,NA,NA
1194,NA,NA,NA,NA,NA,NA,NA,NA,NA,NA,NA,NA,NA
1195,1,57.77777778,47,NA,40,61,39,3,2.8,NA,3,3,3.2
1196,1,76,NA,NA,NA,NA,NA,3.2,NA,NA,NA,NA,NA
1197,1,57,50,NA,NA,NA,NA,3.8,3.4,NA,NA,NA,NA
1198,2,94,77,NA,NA,NA,NA,3.8,3.6,NA,NA,NA,NA
1199,1,NA,NA,NA,NA,NA,NA,3.2,NA,NA,NA,NA,NA
1200,NA,NA,NA,NA,NA,NA,NA,NA,NA,NA,NA,NA,NA
1201,1,48.88888889,58.94736842,NA,NA,NA,NA,3.2,4,NA,NA,NA,NA
1202,2,72,80,NA,NA,NA,72,3.4,3,NA,NA,NA,3.2
1203,2,59,48,NA,NA,NA,NA,3.2,3,NA,NA,NA,NA
1204,2,57,NA,64,74,81,77,1.4,NA,1.4,2.6,1.8,2
1205,2,88,87,93,92,96,60,4,3.8,2.8,4,3,2.4
1206,4,89,90,92,NA,85,95,3.8,4,4,NA,4,3.8
1207,1,77.89473684,45.45454545,NA,NA,NA,NA,3.5,4,NA,NA,NA,NA
1208,2,89,88,NA,NA,NA,NA,4,3.6,NA,NA,NA,NA
1209,1,66,NA,NA,NA,NA,NA,3,NA,NA,NA,NA,NA
1210,1,66,NA,NA,NA,59,NA,1,NA,NA,NA,2.6,NA
1211,2,91,83,NA,55,55,76,4,3.6,NA,3.6,1.6,2.8
1212,2,27,NA,NA,NA,NA,NA,3.8,NA,NA,NA,NA,NA
1213,NA,NA,NA,NA,NA,NA,NA,NA,NA,NA,NA,NA,NA
1214,2,79,85,NA,NA,NA,NA,3.6,3.8,NA,NA,NA,NA
1215,1,67,NA,NA,NA,42,45,3.4,NA,NA,NA,1.4,2
1216,NA,NA,NA,NA,NA,NA,NA,NA,NA,NA,NA,NA,NA
1217,2,82,94,NA,NA,NA,NA,3.2,4,NA,NA,NA,NA
1218,1,80,NA,NA,NA,NA,NA,4,NA,NA,NA,NA,NA
1219,1,63,NA,91,92,60,NA,2.6,NA,4,4,2.2,NA
1220,2,83,83,NA,NA,NA,NA,3.6,3.8,NA,NA,NA,NA
1221,1,81.17647059,81,NA,NA,NA,NA,4,4,NA,NA,NA,NA
1222,1,NA,71,NA,NA,60,60,NA,3.3,NA,NA,2.4,2.6
1223,1,54.44444444,52.5,NA,NA,NA,NA,2.6,3,NA,NA,NA,NA
1224,1,55.78947368,52,61,67,64,NA,2.8,2.4,1.4,2,2,NA
1225,1,87,78.94736842,NA,NA,NA,NA,3.2,3.4,NA,NA,NA,NA
1226,2,NA,62,NA,NA,NA,NA,NA,3.2,3,NA,NA,NA
1227,1,68,70,NA,NA,NA,NA,3.8,3.6,NA,NA,NA,NA
1228,1,56.84210526,NA,NA,NA,NA,NA,2.6,NA,NA,NA,NA,NA
1229,2,61,64.21052632,NA,NA,NA,NA,4,3.2,NA,NA,NA,NA
1230,NA,NA,NA,NA,NA,NA,NA,NA,NA,NA,NA,NA,NA
1231,4,84.21052632,96,NA,NA,NA,NA,4,4,NA,NA,NA,NA
1232,2,75,73,51,56,65,NA,3,3,2.2,2.2,2,NA
1233,2,91,74,87,75,87,79,2.8,2.8,2.8,2.6,2.2,2.4
1234,2,67.36842105,60,NA,NA,NA,NA,2.8,2.2,NA,NA,NA,NA
1235,1,53,59,NA,NA,NA,NA,3.8,3.8,NA,NA,NA,NA
1236,2,58,63,74,NA,NA,NA,4,3.6,3,NA,NA,NA
1237,2,55.78947368,53,62,NA,33,NA,3,3.2,3,NA,2.2,NA
1238,2,61,NA,NA,NA,NA,NA,2,NA,NA,NA,NA,NA
1239,2,NA,NA,56,42,47,34,3,NA,2.8,1.8,2.8,3
1240,1,50,64.28571429,NA,NA,NA,NA,2.4,4,NA,NA,NA,NA
1241,2,NA,64,NA,NA,NA,NA,2.9,3.6,NA,NA,NA,NA
1242,2,82,80,NA,NA,NA,NA,2.8,3.25,NA,NA,NA,NA
1243,1,68,77,NA,NA,NA,NA,3,3.2,NA,NA,NA,NA
1244,1,71,NA,NA,NA,NA,NA,3.6,NA,NA,NA,NA,NA
1245,2,NA,64,NA,NA,NA,NA,NA,2.6,NA,NA,NA,NA
1246,NA,NA,NA,NA,NA,NA,NA,NA,NA,NA,NA,NA,NA
1247,NA,NA,NA,NA,NA,NA,NA,NA,NA,NA,NA,NA,NA
1248,2,NA,98,NA,NA,NA,NA,NA,3.8,NA,NA,NA,NA
1249,NA,NA,NA,NA,NA,NA,NA,NA,NA,NA,NA,NA,NA
1250,2,74.44444444,62,62,80,73,60,3.2,3.6,2.7,3.6,2.4,1.8
1251,1,86,75,80,78,68,NA,3.4,3.6,3.8,4,3.2,NA
1252,2,55,51,47,43,41,46,3.6,3.4,3.2,3.4,3.4,2.4
1253,1,NA,55.78947368,76,64,NA,NA,4,3.6,3.666666667,3.8,2.6,2.6
1254,2,82,89,NA,NA,79,77,3.4,4,NA,NA,3.8,3.8
1255,6,53.33333333,60,60,60,60,NA,2.5,3,2.8,2.4,2.6,NA
1256,NA,NA,NA,NA,NA,NA,NA,NA,NA,NA,NA,NA,NA
1257,1,82,94.73684211,77,60,NA,NA,3.2,4,3.6,3.4,NA,NA
1258,1,81,73.33333333,73,70,70,68,3.8,4,3,3.6,3.6,3
1259,4,80,88.33333333,83,89,NA,NA,3.6,NA,3.75,3.666666667,NA,NA
1260,2,88,NA,74.73684211,73.68421053,NA,NA,3,NA,3,NA,NA,NA
1261,1,80,94,96,93,58.66666667,61,3.8,3.8,3.8,4,3.25,2.6
1262,2,77,82,76.36363636,89.47368421,78,71,4,4,3.6,3.6,3,3.25
1263,1,95,95,95,91,NA,NA,4,4,4,4,NA,NA
1264,2,91.57894737,87,78,73,84,70,4,3.6,3.4,3.4,3.8,3.8
1265,NA,NA,NA,NA,NA,NA,NA,NA,NA,NA,NA,NA,NA
1266,2,83.33333333,75,54,72,NA,NA,3,3.5,2.6,3.2,NA,NA
1267,2,86,85,81,86,NA,NA,3.8,3,3.8,3.8,NA,NA
1268,1,73,63,63,59,NA,NA,3.4,3,3.2,3.2,NA,NA
1269,1,67.05882353,59,NA,62,63.15789474,60,3.8,3.2,3.333333333,3.2,3,2.6
1270,1,92,76,68,79,NA,NA,4,4,3,3,NA,NA
1271,2,92.63157895,65.26315789,NA,NA,NA,NA,3.2,3.4,NA,NA,NA,NA
1272,4,NA,65.88235294,NA,53.5,63,NA,NA,4,2.6,2.5,3.8,NA
1273,1,50,53,55,59,62,NA,3.4,3,3.2,2.8,2.4,NA
1274,1,78,78,NA,NA,NA,NA,3.8,4,NA,NA,NA,NA
1275,1,81,83,85,88,62,63,3.2,3.4,3.2,3.8,2,2.6
1276,1,53,55,NA,NA,NA,NA,3.8,3.4,NA,NA,NA,NA
1277,1,74,85.26315789,78,81,85,NA,3.4,3.8,3.6,3.8,4,NA
1278,1,60,NA,59,54,NA,NA,3.6,2.6,3.6,3,NA,NA
1279,1,75,66,65,69,NA,NA,3.8,2.8,3,3,NA,NA
1280,1,87,81,75,66,NA,NA,3.2,3.6,NA,3.2,NA,NA
1281,2,80,80,77,79,74,61,3.4,3.4,3,3.2,3,2.75
1282,1,NA,NA,NA,NA,NA,NA,4,NA,NA,NA,NA,NA
1283,1,90,56.47058824,58,61,NA,NA,4,2.4,2.5,2.2,NA,NA
1284,1,NA,71.11111111,69,66.31578947,NA,NA,NA,3.8,4,3.6,NA,NA
1285,2,89,94.73684211,90,91,NA,NA,3.8,3.8,3.666666667,3.4,NA,NA
1286,2,80,91,91,98,99,95.78947368,3.6,4,3.8,NA,2.6,4
1287,1,70,82,92,87,NA,NA,4,3.2,3.6,3,NA,NA
1288,2,68,74,74,86,NA,NA,3.2,3.2,3,3,NA,NA
1289,1,84.44444444,81.11111111,NA,NA,NA,NA,4,4,NA,NA,NA,NA
1290,1,63,61,60,60,NA,NA,2.2,2.4,2.6,2.6,NA,NA
1291,1,83,74,57,37,60,62,3.8,3,1.6,1.2,2,2.6
1292,1,70,67,77.89473684,71,91,95,3.6,3.8,3.6,3.2,4,4
1293,1,80,61,74,NA,NA,NA,4,3.4,4,2.4,NA,NA
1294,1,62,56,62,58,NA,NA,2.2,2,2.2,2,NA,NA
1295,2,67,NA,60,60,NA,NA,3,NA,3.6,2.8,NA,NA
1296,6,56,60,56.84210526,61.05263158,NA,NA,3.25,2.6,3,2.4,NA,NA
1297,1,62.10526316,63,59.44444444,60,62.22222222,NA,3.4,3,2.8,2.2,2.4,NA
1298,2,78,92,89,90,97,88,3.8,4,3.8,3.4,4,3.8
1299,1,61,78.82352941,76,64,72,NA,2.8,3.6,3.4,3.4,3.6,NA
1300,2,NA,75,83,81,60,NA,NA,3.8,3.8,4,2.4,NA
1301,2,59,57,54,65,60,59,2,1.6,1.8,1.8,3,2.8
1302,2,50.58823529,59,64,63,57,NA,3.4,3.4,3.333333333,3,3,NA
1303,1,71.76470588,66.66666667,61,57,60,62.5,3.6,2.8,2.8,2.2,2.2,2.2
1304,2,NA,80,80,81,NA,89,NA,4,4,4,NA,4
1305,2,63,30,NA,NA,NA,NA,2.8,2.6,NA,NA,NA,NA
1306,1,92.5,71.57894737,NA,NA,NA,62,3.2,2.8,NA,NA,NA,2.8
1307,2,78.57142857,82,NA,NA,NA,NA,4,4,NA,NA,NA,NA
1308,1,60,60,60,63,NA,NA,3.8,3.8,2.6,2.2,NA,NA
1309,2,82,92,82,76,87,74,3.8,4,3.8,3,3,2.8
1310,2,72,72,68,70,61,58,3.4,4,3.4,3.2,2.75,2.4
1311,NA,NA,NA,NA,NA,NA,65,NA,NA,NA,NA,NA,2.4
1312,2,64,64.5,61,68,60,56,3,3,3,3,2.8,2.4
1313,2,NA,61,53,49,33,41,NA,3.4,4,2,2.8,1.8
1314,1,59,78.94736842,64,NA,55,NA,2.6,3,2,2.6,2.8,NA
1315,2,76,60,77,75,51,63,4,4,4,3.8,4,4
1316,1,80,76.47058824,NA,NA,44,NA,3.75,2.4,NA,NA,4,NA
1317,2,61,NA,NA,NA,NA,NA,1,1.6,NA,NA,NA,NA
1318,1,73,70,NA,NA,NA,NA,3.8,3.4,NA,NA,NA,NA
1319,1,61.05263158,NA,NA,NA,34,NA,NA,3.1,NA,NA,3.8,NA
1320,1,92,84,NA,NA,NA,NA,3.6,3.4,NA,NA,NA,NA
1321,2,69.23076923,73.15789474,59,68,80,75,3.4,4,3.4,4,3.2,3.2
1322,1,NA,56.84210526,61,63,NA,NA,NA,2.8,3.2,3.2,NA,NA
1323,2,88,75,81,55,63,68,3.4,3.6,3.6,3.6,3.2,3.8
1324,1,87.36842105,77.77777778,NA,60,NA,NA,3.6,3.8,NA,3.4,NA,NA
1325,1,73,72,61,67,NA,NA,1.4,2.6,2.4,2.8,NA,NA
1326,2,88.23529412,69,70,89,73,75.78947368,3.4,2,2,2.4,3,1.8
1327,1,47.36842105,53,NA,67,59,60,2.8,2.6,NA,3,2.4,2.6
1328,4,70.52631579,61.05263158,53.68421053,NA,NA,NA,3.4,2.2,2.2,3,2.6,NA
1329,2,82.10526316,83,83,87.36842105,NA,NA,3.8,3.6,3.4,3.8,NA,NA
1330,2,62.10526316,66,NA,NA,NA,NA,3.9,3.6,NA,NA,NA,NA
1331,2,42,35,36,50,61,NA,1,1.4,2.2,2.8,2.8,NA
1332,1,77.89473684,80,72,NA,NA,NA,3.6,3.6,NA,NA,NA,NA
1333,2,30,29,34,57,NA,NA,1.25,1.2,2.5,2.6,NA,NA
1334,1,78.94736842,76.66666667,86.31578947,71,NA,86,4,3.4,3.4,3.8,NA,3.6
1335,1,70.52631579,78,78,73,NA,NA,3.2,4,3.2,3.2,NA,NA
1336,4,69,84,100,89.09090909,NA,NA,3.4,3,4,4,NA,NA
1337,4,80,96,93,47,NA,NA,4,3.8,4,2,NA,NA
1338,2,95,90,92,86,95,NA,3.8,4,3.6,3.8,3.6,NA
1339,2,36,58,NA,NA,NA,NA,3.6,3.4,NA,NA,NA,NA
1340,2,NA,NA,98,NA,NA,NA,3.8,3,3,NA,NA,NA
1341,1,75.78947368,65.55555556,55,60,71,NA,2.6,4,4,3.8,3.4,NA
1342,NA,NA,NA,NA,NA,NA,NA,NA,NA,NA,NA,NA,NA
1343,1,47,48,NA,60,56.66666667,60,3,2.4,NA,2.4,NA,2.4
1344,2,67.77777778,65,85,80,NA,NA,4,3.6,3.6,3,NA,NA
1345,2,60,48,32,46,38,52,3.8,4,3.8,4,3.4,3.4
1346,1,85.26315789,82,62,41,38,62,4,3.25,3,1.8,2.6,2.8
1347,2,NA,82.10526316,NA,NA,NA,NA,NA,4,NA,NA,NA,NA
1348,2,NA,NA,52,89,NA,NA,NA,NA,3.4,4,NA,NA
1349,1,77,72,66,69,NA,NA,2.4,3.4,3.4,2.8,NA,NA
1350,2,98,91,93,91,NA,NA,3.8,4,4,2.75,NA,NA
1351,2,82.22222222,88,83,88,NA,NA,4,4,4,4,NA,NA
1352,1,NA,NA,NA,60,NA,NA,3.666666667,NA,NA,3.4,NA,NA
1353,1,71.57894737,73,73.68421053,85,NA,NA,2.8,3.2,4,3.25,2.8,NA
1354,1,83.33333333,NA,NA,68.42105263,NA,NA,3.2,NA,3,4,NA,NA
1355,1,92,90,78,73,NA,NA,4,4,3.4,3.2,NA,2.8
1356,2,63,NA,49,71,NA,NA,4,NA,3,3,NA,NA
1357,2,93,87,86,69,NA,44.21052632,3.2,3.8,3.8,3.6,NA,3.2
1358,1,62.22222222,75,75,68,NA,58,2.6,3.6,3.6,3.2,NA,2.8
1359,2,57.22222222,76.84210526,NA,NA,NA,NA,2.6,2,NA,NA,NA,NA
1360,1,79,85,75,75,67,54,3,3,3.2,3,2,2.2
1361,1,83.52941176,85,66,NA,NA,NA,4,3.8,3.6,NA,NA,NA
1362,2,80,NA,NA,59,74,77,3.4,NA,4,3.2,3,3.6
1363,2,55.38461538,54,NA,40,54.73684211,NA,2.2,3,1.4,1.2,1.6,NA
1364,2,54,62,73,69,NA,NA,3.6,2.8,2.8,3,NA,NA
1365,2,74,65,80,83,67,67,3.4,2.6,3.2,3.2,2.8,3.4
1366,1,NA,62.10526316,62,61.05263158,NA,NA,3.6,3.6,3.4,3.4,NA,NA
1367,1,75.29411765,60,69,60,NA,NA,3.2,2.4,3.2,3.4,NA,NA
1368,2,93,84,NA,56,NA,NA,3.8,3.6,3.4,3.2,NA,3.2
1369,1,74,78,77,84,81,NA,3.6,3.6,3.6,3.8,3.8,NA
1370,1,NA,97.89473684,70,76,NA,63.15789474,NA,3.4,2.8,3.2,NA,2.2
1371,4,73,75,74,74,NA,NA,4,3.6,3.4,3.2,NA,NA
1372,1,NA,NA,NA,42.10526316,51,62,2.6,3,2.6,2.6,1.6,2.4
1373,2,NA,NA,NA,57,NA,NA,NA,NA,NA,1.8,NA,NA
1374,4,77,84,90,64,NA,NA,3.4,3.4,3.8,3,NA,NA
1375,1,76,79,84,85,73,66,3.2,3.6,3.666666667,3.8,3.2,3
1376,1,72,84,67,69,NA,NA,3.2,4,3.6,3.25,NA,NA
1377,2,57,50,63,67,65,68,3.4,3.2,3,NA,3,2.6
1378,2,50,79,65,60,60,60,2.5,2.8,3,3.4,2.6,2.6
1379,2,88,85,87,85,NA,75,4,4,4,3.6,NA,3.2
1380,1,78,87.36842105,77.89473684,72,NA,NA,3.75,4,3.2,3.75,NA,NA
1381,1,71,52,60,60,NA,NA,4,3.8,3.6,3.8,NA,NA
1382,1,81.05263158,NA,81,92,77,66,4,NA,4,4,2.8,2.8
1383,2,59,72,59,68,69,69,3.2,3,3,3,3,2.6
1384,2,99,89,96,79,NA,NA,4,3.2,3.8,3.4,NA,NA
1385,1,83,71.57894737,77.89473684,NA,NA,NA,4,3,2.8,NA,NA,NA
1386,1,74,68,84,60,NA,NA,3.6,3.6,3.6,2.6,NA,NA
1387,2,57.64705882,59,NA,NA,NA,63,3.8,3.2,NA,NA,NA,3.2
1388,1,79,77.85714286,92,64,59,67.36842105,4,2.8,1.8,2.8,2.6,2.8
1389,4,64.28571429,NA,NA,NA,60,NA,3.8,2.2,1.5,2,3,NA
1390,2,52,54,NA,NA,NA,NA,4,3.333333333,NA,NA,NA,NA
1391,1,NA,49.47368421,NA,NA,NA,NA,NA,4,NA,NA,NA,NA
1392,1,84.21052632,86,61,73,NA,NA,3.8,NA,3.8,3.4,NA,NA
1393,2,56,NA,64,66,NA,60,2,2.2,2,2.6,NA,3.4
1394,2,30,56.47058824,52,60,NA,NA,1.8,2.4,2.6,2.8,NA,NA
1395,NA,NA,NA,NA,NA,NA,NA,NA,NA,NA,NA,NA,NA
1396,2,87,94,96,96,NA,NA,3.2,3.6,3.8,3.8,NA,NA
1397,2,96,92,94,94,85,84,3.4,3.4,3,3.2,3.6,4
1398,2,84.21052632,72,NA,NA,65,65,3.25,3.2,3,2.8,2.6,3
1399,1,74,77,73,76,74,72,3.4,3.8,3.2,3,3.2,3.4
1400,2,61.05263158,NA,NA,85,NA,NA,3.4,NA,NA,3.25,NA,NA
1401,1,65,53.68421053,NA,NA,NA,NA,3.2,3.2,NA,NA,NA,NA
1402,NA,NA,NA,NA,NA,NA,NA,NA,NA,NA,NA,NA,NA
1403,2,44.44444444,71,NA,NA,NA,NA,3.4,3.6,NA,NA,NA,NA
1404,1,68.88888889,NA,60,60,NA,NA,3.6,4,4,3.8,NA,NA
1405,2,78.88888889,NA,NA,76,74,80,3,NA,NA,3.4,3.2,3.2
1406,1,82,91,90,86,91.76470588,57,4,4,4,3.75,3.6,2
1407,4,91.57894737,79,72,69,58.94736842,54,3.4,4,4,2.6,2.5,2.5
1408,2,86,93,96,93.68421053,97,95,2.6,3,2.8,2.5,2,1.6
1409,2,68,85,76,74,NA,NA,3,2.8,3.2,2.75,NA,NA
1410,1,78,66,66,69,70,NA,4,3.8,3.4,3,3,NA
1411,1,60,58,56,59,56,60,3.2,2.8,2.8,2.6,2.6,2.8
1412,2,69,59,65,60,54,60,2.8,2.8,3,2.8,2.6,2.6
1413,1,59,53,64,65,57.89473684,59,2.6,3,2.2,2.8,2.8,3.2
1414,2,76,75,77,66,61,61,3.7,3.4,2.6,2.6,2.6,2.25
1415,2,81.05263158,83.15789474,92,91,87,NA,3.8,3.8,3.8,3.8,4,NA
1416,1,64,58.94736842,72,60,NA,NA,3,3,3,3.5,NA,NA
1417,1,82,88.42105263,84,85,82,NA,3.8,3.2,3.6,3.2,NA,NA
1418,2,70,82,75,77,NA,NA,3.8,3.4,3.2,3.4,NA,NA
1419,2,80,NA,NA,NA,NA,NA,3.4,2.8,NA,NA,NA,NA
1420,1,94,91,91,91,NA,NA,4,3.6,3.2,2.8,NA,NA
1421,1,63,NA,56,60,76,72,3.4,NA,3,3,2.8,3.6
1422,5,42.10526316,56.66666667,NA,NA,NA,NA,3,2.8,NA,NA,NA,NA
1423,2,75,68,85,70,NA,NA,3.2,2.8,3.4,3.2,NA,NA
1424,4,81,79,88,66,38,NA,4,3.8,4,3.4,4,NA
1425,1,79,54.44444444,NA,NA,NA,NA,2.2,2.833333333,NA,NA,NA,NA
1426,1,75.55555556,77,NA,NA,NA,NA,4,3.2,NA,NA,NA,NA
1427,2,73,NA,79,73,NA,NA,3,NA,2.8,2.6,3.4,NA
1428,1,96,NA,96,89,62.10526316,60,4,NA,4,4,2,3.2
1429,1,65.88235294,65,67.36842105,63.33333333,NA,69,3.4,4,2.8,2.4,NA,3.8
1430,1,NA,60,NA,NA,NA,NA,4,NA,NA,NA,NA,NA
1431,1,72,72,71,69,60,NA,3.8,3.8,4,3.8,3,NA
1432,2,82,85,NA,NA,NA,NA,4,3.8,NA,NA,NA,NA
1433,2,74,NA,74,69,NA,NA,3.2,NA,3.8,2.6,NA,NA
1434,2,89,85,79,62,64,60,3.8,4,4,2.4,2.4,2.2
1435,NA,NA,NA,NA,NA,NA,NA,NA,NA,NA,NA,NA,NA
1436,4,56.66666667,51.17647059,67.89473684,59,NA,NA,NA,4,3.4,2,NA,NA
1437,1,80,68,65,64,NA,NA,4,4,3.25,3.4,NA,NA
1438,2,95,97,89,NA,62,73.84615385,4,4,4,NA,2.2,NA
1439,5,67,68,NA,NA,NA,NA,3.4,3.4,NA,NA,NA,NA
1440,1,32.22222222,59,60,NA,NA,NA,2.4,3.4,3.8,NA,NA,NA
1441,4,77.77777778,63,60,60,60,59,NA,3.8,3,3.8,3.8,2
1442,1,NA,63.15789474,54,66,NA,NA,NA,3.2,3,3.2,NA,NA
1443,4,44.21052632,41,35,60,NA,NA,3.4,3,3,2.2,NA,NA
1444,2,54.44444444,NA,79,69.47368421,75,65,3.4,NA,4,4,3,2
1445,1,63,68,69,64,67,NA,2.8,3.8,2.8,3,2.8,NA
1446,1,NA,66,66,69.09090909,NA,NA,NA,4,3.6,3.2,NA,NA
1447,1,74,NA,76,60,60,63,3,3.2,3.2,2,2.4,2.6
1448,2,78,70,67,75.78947368,NA,NA,2.4,2.6,3,4,NA,NA
1449,2,93,93,91,100,92.63157895,87,4,4,4,3.6,4,3.8
1450,1,93.68421053,95.78947368,93,92,85,NA,4,4,4,4,4,NA
1451,1,90,87.36842105,77,76.84210526,NA,67,4,3.4,3.2,3.4,NA,2.8
1452,1,73.68421053,91,79,60,62.10526316,NA,3.8,2.8,3.75,NA,2.8,NA
1453,2,76,82,83,94,96,96,3.8,3.8,4,4,4,4
1454,2,75,53,55,59,NA,NA,3,3,3,2.8,NA,NA
1455,1,57,66,66,57,NA,NA,4,3.8,2.8,1.6,NA,NA
1456,2,83.52941176,85,76,81,NA,NA,3.25,3,3.6,3.4,NA,NA
1457,2,63,83,NA,NA,NA,NA,2.6,3,NA,NA,NA,NA
1458,2,47,46,46,43,NA,55,2.6,1.8,2.4,2,2.8,3
1459,NA,NA,NA,NA,NA,NA,NA,NA,NA,NA,NA,NA,NA
1460,1,91,94,NA,60,57,NA,3.8,4,3.6,NA,2,NA
1461,1,NA,NA,NA,66,NA,NA,NA,NA,NA,3.6,4,NA
1462,2,NA,NA,NA,NA,NA,NA,NA,4,4,3.6,NA,NA
1463,2,43,66,48,57,59,42,4,3.8,3.8,4,4,4
1464,2,38,44,49,56,54,60,3.4,2.4,2.6,2.8,2.4,3
1465,2,86,84,74,74,NA,NA,3.4,3.8,3.4,3.2,NA,NA
1466,1,82,NA,81,78,56.66666667,NA,3.2,NA,3,2.8,3,NA
1467,4,88,85,87,81,NA,NA,3.8,3.8,3.8,3.4,NA,NA
1468,2,59,24.21052632,71,78,NA,NA,3,2.4,3.2,3.6,NA,NA
1469,2,55,51,43.63636364,57,60,NA,1.8,2.6,2.8,NA,2.6,NA
1470,1,83,80,87,84,86,87,4,3.8,3.8,3.6,3,4
1471,2,83,85,73,NA,NA,NA,3.6,3.8,3,NA,NA,NA
1472,5,55.29411765,38.18181818,33,NA,NA,NA,3.2,2.6,1.8,NA,NA,NA
1473,1,84,79,NA,NA,NA,NA,3.6,3.25,NA,NA,NA,NA
1474,1,92,90,79,81,NA,NA,4,3.8,3.2,3.8,NA,NA
1475,1,60,59,64,70,60,67,2.8,2.6,3,2.8,1.8,2.4
1476,1,64,60,69,63.63636364,NA,NA,4,3.6,3.2,3.4,NA,NA
1477,2,54,44,42,31,31,25,4,3.2,2.6,2,2,2.2
1478,2,41,44,42,41,37,33.68421053,3.4,3,2.4,1.8,2.8,2.8
1479,2,57,53,65,61,46,NA,2.4,2.8,2,2.6,1.4,NA
1480,1,45,49.23076923,51,41,60,59,3.4,3.4,3,3.6,3,2.8
1481,2,73,NA,81,73,NA,NA,2.8,NA,2.6,3.2,NA,NA
1482,1,81,81.17647059,NA,79,NA,NA,3.6,3.6,3.2,3,NA,NA
1483,2,94,87,97,71,NA,69,3.6,3.4,3.8,2.2,NA,2.4
1484,2,58.94736842,58,61,58,NA,NA,2,2.8,3,2.6,NA,NA
1485,1,80,82.22222222,NA,NA,NA,NA,2,3.6,NA,NA,NA,NA
1486,1,87,60,66,65,85,72,3.8,2.8,3.8,2.4,3.2,2.6
1487,2,52,50,52,51,56,54,1,2,2,1.8,1.6,2
1488,1,62,63,37,39,42,NA,3.6,3.8,3.2,3.6,4,4
1489,2,88,74,87,91,NA,NA,4,4,3.9,3.8,NA,NA
1490,2,75,70,69,72,NA,NA,3,3.2,2.6,3.2,NA,NA
1491,1,75,61,55,61,NA,NA,3.4,2.6,1.8,2.6,3,NA
1492,2,NA,NA,67,NA,NA,NA,NA,NA,3.2,NA,NA,NA
1493,2,72,79,87,79,NA,NA,3.2,3.4,3.2,3.4,NA,NA
1494,1,72.22222222,73.68421053,79,77,NA,NA,3.2,3.8,3.2,3.6,NA,NA
1495,1,NA,62.10526316,50,NA,NA,NA,NA,3,2.8,NA,NA,NA
1496,1,50,56,45,60,NA,NA,3.8,3.2,2.4,2.6,NA,NA
1497,2,93,92,83,87,87,60,4,4,4,4,4,3
1498,1,79,84,74,80,NA,NA,3.8,3.4,4,3.6,NA,NA
1499,1,96,96,96,96,96,NA,4,4,4,4,4,NA
1500,2,58.94736842,57.89473684,64,57,NA,NA,1.8,NA,1.6,2.2,NA,NA
1501,2,96,NA,89,90,89,NA,3.6,NA,4,3.8,3.6,3.4
1502,2,83,80,95,96,92,60,3.2,3.4,3.4,4,3.4,4
1503,1,68,NA,NA,63.63636364,NA,NA,3.8,NA,NA,4,NA,NA
1504,1,NA,90,89,NA,86,78,NA,3.6,3.2,3.6,3.8,3.2
1505,2,92,97.89473684,97,98,99,NA,4,4,4,4,3.8,NA
1506,2,87,88,80,64,NA,NA,4,4,4,3.6,NA,NA
1507,2,60,56,69,58,NA,67,2.6,2,3,2.2,NA,3
1508,1,NA,45.33333333,73,49,NA,NA,NA,4,2.8,2.4,NA,NA
1509,2,49,44,53,55,64,NA,2,2.4,2.4,2.4,1.8,NA
1510,1,82.10526316,87,NA,NA,NA,NA,3.2,3.8,NA,NA,NA,NA
1511,1,69.47368421,NA,NA,NA,NA,NA,3.6,NA,NA,NA,NA,NA
1512,2,69,72,78,90,NA,62.10526316,3.4,3.2,4,3.5,NA,2.4
1513,1,67,NA,64.21052632,65,70,72,3.6,NA,3.4,3,3.2,3
1514,1,NA,39,71.5,74,67,70,NA,3,3.2,4,3.4,3.2
1515,2,NA,NA,59,NA,65,59,NA,NA,2,NA,2.2,3
1516,2,NA,54,48,51,NA,NA,NA,3,2.8,2.2,NA,NA
1517,1,NA,88,85,NA,88,92,NA,3.2,4,NA,3.8,4
1518,1,NA,NA,81,80,NA,NA,NA,NA,3.2,3,NA,NA
1519,NA,NA,NA,NA,NA,NA,NA,NA,NA,NA,NA,NA,NA
1520,1,NA,NA,64.21052632,NA,NA,NA,NA,NA,3.6,NA,NA,NA
1521,1,NA,NA,86,80,NA,NA,NA,NA,3.6,3,NA,NA
1522,2,NA,NA,88,94,95,NA,NA,NA,3.2,3.6,3.6,NA
1523,1,NA,NA,63,60,60,NA,NA,NA,3.4,3.6,3.2,NA
1524,1,NA,NA,70,61,57,44,NA,NA,2.4,3.8,2,2.6
1525,2,NA,NA,61,64,NA,NA,NA,NA,3,3.2,NA,NA
1526,2,NA,NA,75.78947368,64.21052632,60,NA,NA,NA,3.4,3.8,3.6,NA
1527,1,NA,NA,65,79,NA,NA,NA,NA,3.4,2.6,NA,NA
1528,2,NA,NA,65.55555556,64,60,60,NA,NA,4,4,2.4,1.6
1529,1,NA,NA,48,NA,NA,NA,NA,NA,2.6,NA,NA,NA
1530,1,NA,NA,98.88888889,NA,NA,NA,NA,NA,4,NA,NA,NA
1531,1,NA,NA,70,78,67,56,NA,NA,4,1.6,3,2.25
1532,2,NA,NA,70,89,59,NA,NA,NA,3.6,4,3.8,NA
1533,1,NA,NA,92,94,NA,NA,NA,NA,3,4,NA,NA
1534,1,NA,NA,64,56,48.75,NA,NA,NA,3.2,3.2,3,NA
1535,2,NA,NA,61,48,NA,NA,NA,NA,2.9,2.4,NA,NA
1536,2,NA,NA,57,57,NA,NA,NA,NA,3.4,3.4,NA,NA
1537,2,NA,NA,92,84,96,93,NA,NA,4,3,3.6,3.4
1538,2,NA,NA,85,NA,NA,51,NA,NA,2.75,2.2,NA,1.8
1539,2,NA,NA,NA,88,NA,NA,NA,NA,NA,3.4,NA,NA
1540,NA,NA,NA,NA,NA,NA,NA,NA,NA,NA,NA,NA,NA
1541,2,NA,NA,NA,47,NA,NA,NA,NA,NA,3.4,NA,NA
1542,1,NA,NA,NA,50,NA,NA,NA,NA,NA,2.4,NA,NA
1543,1,NA,NA,NA,NA,NA,NA,NA,NA,NA,NA,NA,NA
1544,1,NA,NA,NA,59,56,57,NA,NA,NA,2.6,2.6,2.6
1545,1,NA,NA,NA,59,NA,NA,NA,NA,NA,3,NA,NA
1546,2,NA,NA,NA,71.42857143,NA,NA,NA,NA,NA,2.2,NA,NA
1547,1,51,45,NA,NA,49,42,3.2,3.8,NA,NA,3.2,2.8
1548,1,79,82,NA,NA,NA,NA,3.4,3.6,NA,NA,NA,NA
1549,1,54,54,NA,NA,NA,NA,2.8,3,NA,NA,NA,NA
1550,2,74,66,NA,NA,NA,NA,2.2,2.8,NA,NA,NA,NA
1551,2,50,55,61,NA,59,56,3,2.4,2.2,NA,2.4,2.2
1552,2,48.42105263,37.64705882,NA,63.15789474,48.42105263,34,2.2,2,NA,2.75,2.8,2.6
1553,2,70,76.66666667,NA,NA,NA,NA,2.4,3,NA,NA,NA,NA
1554,2,74.73684211,81,NA,NA,NA,80,3.6,3.5,NA,NA,NA,3
1555,2,81,80,NA,NA,64,69,4,4,NA,NA,4,3
1556,1,NA,NA,NA,NA,NA,NA,NA,4,NA,NA,NA,NA
1557,2,62,60,62,59.47368421,NA,NA,2.4,2.4,2.2,2.6,NA,NA
1558,1,60,60,83,NA,63,47,4,1.8,3.6,NA,4,2.2
1559,2,73.68421053,81,NA,NA,NA,NA,3,3.2,NA,NA,NA,NA
1560,1,68,NA,NA,NA,NA,NA,4,NA,NA,NA,NA,NA
1561,2,79,68,NA,NA,NA,69,2.6,3.2,NA,NA,NA,2.8
1562,2,NA,66,NA,NA,88,80,NA,2.8,NA,NA,4,4
1563,2,62,NA,69,65,65,55,2.8,NA,3,3.2,2.8,2.6
1564,2,55,60,NA,NA,NA,NA,2.2,3.6,NA,NA,NA,NA
1565,1,NA,72,NA,NA,NA,NA,NA,3.6,NA,NA,NA,NA
1566,1,83.15789474,76,NA,NA,NA,NA,3.2,3.4,NA,NA,NA,NA
1567,1,91,NA,NA,NA,92,NA,3.8,NA,NA,NA,4,NA
1568,1,70.52631579,NA,NA,NA,NA,NA,2.2,NA,NA,NA,NA,NA
1569,2,85,79,74,67,55,60,4,4,3,3.2,3,3.2
1570,2,58,54,NA,NA,NA,NA,3,3,NA,NA,NA,NA
1571,2,95,88.42105263,NA,NA,70,NA,3.4,3.2,NA,NA,3,NA
1572,2,51.57894737,54,NA,NA,59,62,3,3,NA,NA,2.6,2.6
1573,2,64,78.33333333,NA,NA,NA,NA,4,4,NA,NA,NA,NA
1574,1,56,54.44444444,NA,NA,63,NA,3,1.4,NA,NA,3.6,NA
1575,2,90,84,NA,NA,NA,NA,2.4,2.8,NA,NA,NA,NA
1576,2,57.89473684,56,NA,NA,NA,NA,2.8,3,NA,NA,NA,NA
1577,2,52,64,NA,NA,NA,NA,3,2.8,NA,NA,NA,NA
1578,1,37.89473684,50.52631579,NA,53,NA,67,3.8,4,NA,3.4,NA,3.4
1579,2,56,62,79,NA,NA,NA,3.8,3.8,4,NA,NA,NA
1580,NA,NA,NA,NA,NA,NA,NA,NA,NA,NA,NA,NA,NA
1581,2,74,NA,NA,NA,NA,NA,3.2,NA,NA,NA,NA,NA
1582,1,79,77,NA,NA,NA,NA,3.6,4,NA,NA,NA,NA
1583,2,84,89,NA,NA,NA,NA,3.4,4,NA,NA,NA,NA
1584,1,88,84.70588235,NA,NA,NA,NA,2.8,2.8,NA,NA,NA,NA
1585,1,53.33333333,61.11111111,NA,NA,65.26315789,NA,3.4,2.25,NA,NA,2,NA
1586,2,NA,74,NA,NA,77,NA,NA,2,NA,NA,2,NA
1587,1,70.58823529,70,NA,NA,NA,NA,3.6,3.6,NA,NA,NA,NA
1588,1,86,57.77777778,NA,NA,61,62,4,4,NA,NA,2,2
1589,2,72.63157895,NA,NA,NA,NA,NA,1.6,NA,NA,NA,NA,NA
1590,2,65,55.55555556,NA,NA,56,NA,3.4,3,NA,NA,3.2,NA
1591,2,67,61,61,NA,NA,48,3.4,3.4,3.8,NA,NA,3
1592,1,48,67,NA,NA,NA,NA,3.4,NA,NA,NA,NA,NA
1593,1,70,62.10526316,NA,NA,NA,NA,3,3.8,NA,NA,NA,NA
1594,2,73.68421053,73,89,83,96,87,3.4,2.8,4,3.2,3.2,3.2
1595,2,53,62.10526316,NA,NA,NA,58,2.2,3.25,NA,NA,NA,2.4
1596,1,NA,58,NA,NA,NA,NA,NA,2.8,NA,NA,NA,NA
1597,2,82,74,82,NA,86,NA,3.2,3.6,3.4,NA,3.8,NA
1598,2,63,62,NA,NA,NA,61,3,3,NA,NA,NA,3.2
1599,1,81.05263158,60,64,60,60,NA,3.4,3,3,2.6,3.8,NA
1600,1,90,NA,NA,NA,96.84210526,NA,3.2,1.6,NA,NA,2.6,NA
1601,2,78.94736842,83,NA,NA,86,NA,3.2,3.6,NA,NA,3.4,NA
1602,1,77,87.36842105,NA,NA,NA,NA,3.4,3.4,NA,NA,NA,NA
1603,NA,NA,NA,NA,NA,NA,NA,NA,NA,NA,NA,NA,NA
1604,1,60,66.66666667,NA,NA,NA,NA,3.2,2.4,NA,NA,NA,NA
1605,2,83,78.94736842,NA,NA,NA,NA,2.8,2.75,NA,NA,NA,NA
1606,1,68,72,NA,NA,NA,NA,3,3,NA,NA,NA,NA
1607,2,64,60,55,62,61,71,3.4,3.2,2.8,2.8,2.8,2.8
1608,2,90,93,NA,NA,98,96,4,4,NA,NA,3.8,4
1609,2,85,81,NA,NA,NA,NA,3.8,4,NA,NA,NA,NA
1610,1,74,62,67,60,NA,NA,3.8,3.4,3,3,NA,NA
1611,2,66,68,NA,NA,89,77,3.8,3.666666667,NA,NA,3,3
1612,1,62.10526316,NA,NA,NA,NA,NA,3.6,NA,NA,NA,NA,NA
1613,2,85,80,NA,NA,NA,NA,3.2,3,NA,NA,NA,NA
1614,2,NA,80,NA,NA,NA,NA,NA,3.8,NA,NA,NA,NA
1615,1,65,58,NA,NA,NA,NA,2.8,2.6,NA,NA,NA,NA
1616,2,65,71,65,54.44444444,67,76.84210526,2.8,2.8,2,2.375,2.4,2.2
1617,1,53.68421053,32,58,58,58,59,3.6,3.8,3.4,3,2.8,3.4
1618,2,93,96,NA,NA,NA,88,3.2,3.6,NA,NA,NA,2.6
1619,1,60,NA,NA,NA,NA,NA,2.6,NA,NA,NA,NA,NA
1620,2,55.29411765,61.05263158,NA,NA,NA,NA,3.4,3.8,NA,NA,NA,NA
1621,1,76,82,NA,NA,57.89473684,72,3.6,3.6,NA,NA,2.6,3.4
1622,2,NA,70,NA,NA,NA,NA,NA,2,NA,NA,NA,NA
1623,2,75,90,74,60,45,69,2.2,3,1.6,3.8,3.4,3.4
1624,1,96,NA,NA,NA,NA,NA,4,3.8,NA,NA,NA,3.6
1625,4,88,71,NA,NA,NA,51,3.4,2.8,NA,NA,NA,3.2
1626,2,46,51,40,NA,NA,63.15789474,2.6,3.6,2.4,NA,NA,3.4
1627,1,65,62.10526316,NA,NA,NA,NA,3.8,2.4,NA,NA,NA,NA
1628,2,79,80,NA,NA,NA,NA,3.6,3.8,NA,NA,NA,NA
1629,2,39,47,49,52,45,60,2.2,2,2.2,2.4,2.2,2.2
1630,1,NA,51,NA,NA,NA,NA,NA,3,NA,NA,NA,NA
1631,1,68,NA,NA,NA,NA,NA,4,NA,NA,NA,NA,NA
1632,2,43,36,NA,NA,NA,NA,2.2,1.8,NA,NA,NA,NA
1633,1,79,65,NA,NA,NA,79,3.2,2.6,NA,NA,NA,2.6
1634,1,72,77,68,NA,NA,71,3.4,3.666666667,3.2,NA,NA,3.6
1635,1,51,NA,NA,NA,NA,NA,3,3,NA,NA,NA,NA
1636,1,79,65.26315789,NA,NA,NA,NA,2.6,4,NA,NA,NA,NA
1637,2,79,74,53,37,36,47,3.6,3.4,2.4,1.6,2,2.4
1638,1,37.89473684,65,60,NA,69,61,3,2.6,2.6,2.2,3.8,3
1639,1,79,74.73684211,NA,NA,NA,NA,4,3.8,NA,NA,NA,NA
1640,1,78,78,NA,NA,NA,NA,3.2,3.6,NA,NA,NA,NA
1641,1,79,74.73684211,NA,NA,NA,NA,3.8,4,NA,NA,NA,NA
1642,1,72,58,NA,NA,NA,NA,3,3.2,NA,NA,NA,3.2
1643,1,53,53,NA,NA,58,NA,2.8,3,NA,NA,2.4,NA
1644,2,42,51,NA,NA,51,NA,3.4,3.8,NA,NA,3.2,NA
1645,2,80,75,72,NA,79,77,2.8,2.8,3,NA,2.6,3.2
1646,1,75,65,NA,NA,NA,NA,3.8,3.2,NA,NA,NA,NA
1647,1,68,58,61,NA,60,NA,3,1.4,2.4,NA,3,NA
1648,2,70.66666667,72.94117647,NA,NA,NA,54.11764706,2.4,3.8,NA,NA,NA,NA
1649,2,69,63,NA,NA,NA,NA,3,3,NA,NA,NA,NA
1650,1,58,41,NA,NA,NA,NA,3,4,NA,NA,NA,NA
1651,4,88,NA,NA,NA,NA,NA,4,NA,NA,NA,NA,NA
1652,2,61.05263158,69,NA,NA,72,NA,3,3.4,NA,NA,2.2,NA
1653,1,77,NA,NA,NA,NA,NA,2,NA,NA,NA,NA,NA
1654,2,91.57894737,94,NA,78,78,78,4,3.8,NA,3,3,3
1655,1,59,62,NA,NA,NA,NA,3,3,NA,NA,NA,NA
1656,1,77,72,NA,NA,NA,NA,3.2,3.2,NA,NA,NA,NA
1657,1,62,60,NA,NA,NA,NA,3.4,3.6,NA,NA,NA,NA
1658,1,68,65,NA,NA,NA,NA,2.4,2.8,NA,NA,NA,NA
1659,NA,NA,NA,NA,NA,NA,NA,NA,NA,NA,NA,NA,NA
1660,2,NA,72.5,77,76,78,84,NA,3.6,2.8,2.2,3,2.8
1661,1,63.33333333,58,NA,NA,NA,NA,3.2,3.6,NA,NA,NA,NA
1662,2,54,52,NA,NA,NA,NA,3,3,NA,NA,NA,NA
1663,2,37,43.15789474,47,NA,NA,NA,2.8,2.4,2.6,NA,NA,NA
1664,2,56.66666667,NA,55,56,NA,59,3,NA,2.6,3.4,NA,3.2
1665,2,64.44444444,73,59,49,57,58,3.8,3.2,3,2.4,2.2,1.8
1666,1,60,55,64.21052632,NA,60,NA,3.4,2.6,3,NA,2.2,NA
1667,1,84,84,NA,NA,79,NA,4,4,4,NA,4,NA
1668,2,42,NA,NA,NA,NA,NA,3.2,2.6,NA,NA,NA,NA
1669,2,58.88888889,66,NA,NA,62,50,3,3.4,NA,NA,2.6,2.4
1670,NA,NA,NA,NA,NA,NA,NA,NA,NA,NA,NA,NA,NA
1671,2,74,67,NA,NA,NA,NA,2.8,3.2,NA,NA,NA,NA
1672,NA,NA,NA,NA,NA,NA,NA,NA,NA,NA,NA,NA,NA
1673,1,68,64,NA,NA,51,NA,3.2,3,NA,NA,3,NA
1674,1,NA,74,NA,NA,NA,NA,NA,3.2,NA,NA,NA,NA
1675,2,62,48.23529412,NA,NA,NA,NA,3.2,3.4,NA,NA,NA,NA
1676,NA,NA,NA,NA,NA,NA,NA,NA,NA,NA,NA,NA,NA
1677,4,72,74,58,54,NA,NA,3.6,4,4,2.4,NA,NA
1678,1,71.57894737,75,58,NA,NA,NA,3.2,2.8,3.4,NA,NA,NA
1679,2,74,84,NA,NA,NA,NA,3.8,2.6,NA,NA,NA,NA
1680,2,92,88,88,76,80,77,4,3.8,4,3.8,3.4,3
1681,4,57,60,NA,NA,NA,NA,2.4,2.8,NA,NA,NA,NA
1682,2,50,57,57,58,59,85,3.4,2.4,3,3.6,3,3.8
1683,2,82,85,NA,NA,NA,NA,3.8,4,NA,NA,NA,NA
1684,2,83,NA,83,76,87,NA,3.4,NA,3.4,3,3.4,NA
1685,2,67.77777778,61.05263158,NA,NA,NA,NA,3,2.8,NA,NA,NA,NA
1686,1,57,60,71,NA,NA,NA,3,2.6,3.2,NA,NA,NA
1687,2,87,84,NA,NA,NA,NA,4,3.6,NA,NA,NA,NA
1688,1,58,63,NA,NA,58,NA,3,2.8,NA,NA,3.2,NA
1689,2,60,NA,NA,NA,47,NA,2.2,NA,NA,NA,2.2,NA
1690,NA,NA,NA,NA,NA,NA,NA,NA,NA,NA,NA,NA,NA
1691,1,72,71,69,70.52631579,67,69,4,3.8,3.6,3.2,3.6,3.4
1692,1,87,NA,NA,NA,NA,NA,4,NA,NA,NA,NA,NA
1693,NA,NA,NA,NA,NA,NA,NA,NA,NA,NA,NA,NA,NA
1694,NA,NA,NA,NA,NA,NA,NA,NA,NA,NA,NA,NA,NA
1695,2,50.58823529,48,NA,NA,NA,NA,2.2,1.8,NA,NA,NA,NA
1696,1,75,72,NA,NA,NA,NA,3.6,3.8,NA,NA,NA,NA
1697,1,88,81,77,NA,79,63,3.8,3.8,3.4,NA,3.8,2.6
1698,2,81,NA,NA,NA,NA,NA,3.5,NA,NA,NA,NA,NA
1699,1,51,51,NA,NA,NA,64,2.8,3,NA,NA,NA,2.4
1700,1,63.52941176,NA,NA,NA,NA,NA,3,NA,NA,NA,NA,NA
1701,2,82,81,NA,NA,NA,NA,3.2,3.2,NA,NA,NA,NA
1702,2,78.66666667,68.42105263,NA,61,61,65,3.8,3.4,NA,3,3,3.2
1703,1,NA,74.66666667,NA,NA,NA,NA,NA,3.875,NA,NA,NA,NA
1704,1,63,60,NA,NA,NA,NA,3.6,3.4,NA,NA,NA,NA
1705,1,NA,55.78947368,NA,NA,53,NA,NA,3.8,NA,NA,3.4,NA
1706,2,78,60,59,NA,70,70,3.8,2.6,3.4,NA,3,3
1707,2,42,59,55,NA,60,NA,3.4,3.8,3.2,NA,2.8,NA
1708,1,85,72,79,NA,85,83,3.6,4,3.4,NA,3.4,3.4
1709,1,67,76,NA,NA,93,NA,3.2,3.4,NA,NA,2.4,NA
1710,1,81.53846154,74.73684211,NA,NA,NA,76,3.6,3.6,NA,NA,NA,3
1711,2,75,57,NA,NA,NA,NA,3.6,3.8,NA,NA,NA,NA
1712,2,NA,79,83,79,80,69,NA,3.2,3.6,3,3.2,3
1713,1,72,88,NA,NA,NA,NA,4,4,NA,NA,NA,NA
1714,2,73,83,NA,81,90,85,3,3.2,NA,3.4,3,2.6
1715,1,87,76,75,85,67,79,3.8,2,3,3,3.2,3.2
1716,2,68,73,86,NA,80,NA,2.8,2.6,3.8,NA,2.4,NA
1717,1,57.77777778,51,NA,NA,NA,NA,2.8,3.4,NA,NA,NA,NA
1718,1,80,68.88888889,NA,NA,NA,NA,4,4,NA,NA,NA,NA
1719,2,78,74,NA,NA,NA,NA,3.6,3.6,NA,NA,NA,NA
1720,2,94,90,NA,92,60,82,4,4,NA,3.2,3.4,4
1721,1,88,82.10526316,NA,NA,NA,NA,4,4,NA,NA,NA,NA
1722,1,73,NA,NA,NA,NA,NA,2.8,NA,NA,NA,NA,NA
1723,1,95.78947368,83.15789474,NA,NA,NA,NA,4,3.8,NA,NA,NA,NA
1724,NA,55,37.89473684,NA,NA,NA,NA,2.6,2.2,NA,NA,NA,NA
1725,NA,NA,NA,NA,NA,NA,NA,NA,NA,NA,NA,NA,NA
1726,2,93.68421053,76,NA,NA,NA,NA,2,1.6,NA,NA,NA,NA
1727,1,56,55,57,59,54,53,2.7,2.666666667,2,2,2.6,2.4
1728,1,55,54,56,NA,NA,NA,3,3,3.6,NA,NA,NA
1729,2,59,50,49,NA,NA,NA,2.6,1.8,1.6,NA,NA,NA
1730,1,76,90,NA,NA,NA,NA,3.2,3.333333333,NA,NA,NA,NA
1731,2,79,74,NA,63,60,46,3.8,4,NA,4,4,3.6
1732,2,84,81,NA,NA,NA,NA,3.6,3,NA,NA,NA,1
1733,NA,NA,NA,NA,NA,NA,NA,NA,NA,NA,NA,NA,NA
1734,2,77,64,NA,NA,NA,NA,2.4,2.4,NA,NA,NA,NA
1735,1,100,NA,NA,NA,NA,93,3.75,NA,NA,NA,NA,2.8
1736,NA,NA,NA,NA,NA,NA,NA,NA,NA,NA,NA,NA,NA
1737,1,53.68421053,61.05263158,NA,NA,NA,NA,3.8,3.6,NA,NA,NA,NA
1738,2,54,51,NA,NA,69,NA,3.2,2.8,NA,NA,2.8,NA
1739,2,73,87,96,NA,97,95,3.4,3,4,NA,3.8,3.8
1740,2,55,59,NA,NA,70,80,3.4,3,NA,NA,2.8,3
1741,2,76,88,99,99,96,97,3.8,4,4,4,4,4
1742,1,67.36842105,NA,NA,NA,NA,NA,3,NA,NA,NA,NA,NA
1743,2,64,NA,58,NA,NA,NA,2,NA,2.6,NA,NA,NA
1744,2,86,NA,NA,NA,NA,NA,3.4,NA,NA,NA,NA,NA
1745,1,71,63,NA,NA,NA,NA,2.8,3.4,NA,NA,NA,NA
1746,1,NA,NA,NA,NA,NA,NA,3.8,3.2,NA,NA,NA,NA
1747,1,75,60,NA,NA,NA,60,3.4,3.4,NA,NA,2.6,3
1748,2,66,69,NA,73,72,60,4,4,NA,4,3.8,2.6
1749,2,67.5,67,NA,NA,NA,NA,3.6,3.4,NA,NA,NA,NA
1750,2,84,82,NA,NA,NA,NA,3.4,3,NA,NA,NA,NA
1751,1,91,82,56.5,60,80,NA,4,4,3,3.4,3.4,NA
1752,6,56,NA,72,NA,71,66,2.6,2.4,2.6,NA,2.4,2
1753,2,49,73,72,58,60,71,2.8,3,4,4,2.8,2.8
1754,1,63.07692308,NA,NA,NA,NA,NA,2.8,NA,NA,NA,NA,NA
1755,2,35,NA,NA,NA,NA,NA,2.4,2.6,NA,NA,NA,NA
1756,1,75,66.31578947,NA,NA,NA,NA,3.6,3.2,NA,NA,NA,NA
1757,2,NA,57.64705882,NA,NA,NA,NA,NA,3.2,NA,NA,NA,NA
1758,NA,NA,NA,NA,NA,NA,NA,NA,NA,NA,NA,NA,NA
1759,2,87,86,93,100,92,100,3.8,4,4,4,4,4
1760,2,70.52631579,77.89473684,NA,NA,78,81,3,3,NA,NA,2.2,2.6
1761,2,60,63.15789474,NA,NA,NA,NA,3.8,4,NA,NA,NA,NA
1762,NA,NA,NA,NA,NA,NA,NA,NA,NA,NA,NA,NA,NA
1763,2,86,NA,NA,NA,NA,NA,4,NA,NA,NA,NA,NA
1764,1,90,NA,NA,NA,NA,90,4,NA,NA,NA,NA,3.6
1765,2,61,70.52631579,NA,NA,60,NA,4,4,NA,NA,2.6,2.6
1766,1,NA,68.23529412,NA,NA,NA,NA,2.8,2.4,NA,NA,NA,NA
1767,1,NA,NA,NA,NA,NA,NA,NA,NA,NA,NA,NA,NA
1768,1,87,NA,NA,NA,NA,NA,4,NA,NA,NA,NA,NA
1769,2,34,36,NA,NA,NA,NA,3.4,3.4,NA,NA,NA,NA
1770,2,54,41,60,56,NA,65,3.2,3.8,3.4,3.4,NA,3.4
1771,1,79,77,81,75,69,78,4,3.8,3.4,3.6,3.8,3.2
1772,1,68,46,NA,NA,47,NA,3.6,3.8,NA,NA,3.6,NA
1773,1,71,58.88888889,NA,NA,69,NA,3.6,3.2,NA,NA,3.4,NA
1774,1,45,47,NA,NA,NA,56,2.6,2.4,NA,NA,NA,3.4
1775,2,48,40,52,62,68,74,3.6,3.6,3.8,3.2,3.6,2.6
1776,2,NA,79,NA,NA,NA,NA,NA,3,NA,NA,NA,NA
1777,NA,NA,NA,NA,NA,NA,NA,NA,NA,NA,NA,NA,NA
1778,6,93,88,NA,90,96,95,3.2,2.4,NA,3,4,3.2
1779,1,77,64,55,NA,NA,NA,4,3.4,3,NA,NA,NA
1780,2,51,57,NA,NA,NA,NA,3.2,2.4,NA,NA,NA,NA
1781,2,50,68,NA,NA,81,87.77777778,2.4,2.6,NA,NA,1.6,2.2
1782,2,73,72,NA,NA,NA,NA,2.6,2.4,NA,NA,NA,NA
1783,2,47,60,NA,60,NA,51,2.6,1.8,NA,2.8,NA,3.2
1784,1,NA,74,NA,NA,NA,NA,NA,3.6,NA,NA,NA,NA
1785,2,100,99,NA,NA,NA,NA,3.8,4,NA,NA,NA,NA
1786,1,65.55555556,78,74,NA,NA,NA,3.8,4,4,NA,NA,NA
1787,2,67.36842105,74.5,82,NA,76,77,3.6,4,3.6,NA,3,3.2
1788,2,94,95,NA,NA,NA,NA,3.6,4,NA,NA,NA,NA
1789,2,58.75,44,NA,NA,NA,NA,3.2,2.8,NA,NA,NA,NA
1790,1,62,72,74,67,62,83,2.8,2.6,2.6,3.6,2.8,3.2
1791,2,78.94736842,72.63157895,NA,NA,NA,NA,4,3.4,NA,NA,NA,NA
1792,2,83,61,NA,72,NA,NA,3.6,3.2,NA,3.4,NA,NA
1793,1,66.31578947,81,NA,NA,NA,NA,3.8,3.8,NA,NA,NA,NA
1794,2,66,61,NA,NA,NA,NA,4,4,NA,NA,NA,NA
1795,1,47,NA,NA,NA,NA,NA,3.2,2.2,NA,NA,NA,NA
1796,2,64,69,NA,NA,NA,NA,3.2,3.6,NA,NA,NA,NA
1797,2,87,86,97,100,NA,NA,4,4,4,3.8,NA,NA
1798,2,NA,NA,NA,NA,NA,NA,NA,3.333333333,NA,NA,NA,NA
1799,2,91,80,NA,NA,NA,NA,3.8,3.4,NA,NA,NA,NA
1800,1,78.94736842,NA,NA,NA,NA,NA,4,NA,NA,NA,NA,NA
1801,2,89,90,NA,NA,NA,NA,3.2,3.4,NA,NA,NA,NA
1802,2,82,75,NA,NA,NA,NA,3.2,3,NA,NA,NA,NA
1803,5,91,92.63157895,65,NA,NA,NA,4,4,3.4,NA,NA,NA
1804,2,82.10526316,83,83,NA,80,78,3.6,3.5,4,NA,3,3.6
1805,1,89,87,NA,NA,NA,NA,3.8,3.6,NA,NA,NA,NA
1806,2,77,69.09090909,NA,NA,NA,NA,3.8,3,NA,NA,NA,NA
1807,2,80,91,NA,NA,NA,NA,3.8,3.8,NA,NA,NA,NA
1808,2,54,54,NA,55,NA,36,3.6,NA,NA,2.2,3,2.2
1809,2,75,68.94736842,NA,NA,NA,NA,3.6,2.666666667,NA,NA,NA,NA
1810,1,68.42105263,57.89473684,NA,NA,NA,NA,2.4,2.4,NA,NA,NA,NA
1811,2,70.52631579,76,NA,NA,77,71,3.2,3.4,NA,NA,3,3
1812,2,75,81,NA,NA,NA,NA,3,2.8,NA,NA,NA,NA
1813,2,72,NA,NA,NA,NA,NA,2.8,NA,NA,NA,NA,NA
1814,1,67.89473684,72,NA,NA,NA,NA,3.8,3.8,NA,NA,NA,NA
1815,NA,NA,NA,NA,NA,NA,NA,NA,NA,NA,NA,NA,NA
1816,1,67,44,NA,NA,43,NA,3.8,2.8,NA,NA,2,NA
1817,2,82,76,69,NA,71,82,3.6,3.6,2.8,3.6,2.6,3.4
1818,1,NA,69,NA,NA,NA,NA,NA,3.2,NA,NA,NA,NA
1819,2,58,58.57142857,60,56,60,49,2.8,4,3.6,2,2.2,2.2
1820,1,79,87,NA,NA,NA,NA,3.4,2.4,NA,NA,NA,NA
1821,NA,NA,NA,NA,NA,NA,NA,NA,NA,NA,NA,NA,NA
1822,1,86,71.76470588,NA,NA,NA,NA,4,3,NA,NA,NA,NA
1823,2,NA,NA,NA,NA,61,58,3.6,2.6,NA,2.4,2.6,2.75
1824,2,73,NA,NA,NA,NA,NA,3,NA,NA,NA,NA,NA
1825,2,62,80,80,NA,70,56,2.2,3.6,3.6,NA,3.6,2.4
1826,2,70,85,83,NA,NA,NA,3.6,3.8,3.4,NA,NA,NA
1827,2,56,62,64,60,59,59,3,3,2.4,3.8,3,1.6
1828,1,78,63,NA,NA,78,NA,3.8,2.8,NA,NA,3.2,NA
1829,1,60,58.33333333,60,NA,62,60,3,3.8,3.6,NA,2.6,2.4
1830,1,80,71,NA,NA,NA,NA,3.8,4,NA,NA,NA,NA
1831,1,62,NA,NA,NA,NA,NA,2.2,3,NA,NA,NA,NA
1832,1,67.36842105,55,NA,NA,NA,NA,3.6,3.4,NA,NA,NA,NA
1833,NA,NA,NA,NA,NA,NA,NA,NA,NA,NA,NA,NA,NA
1834,NA,NA,NA,NA,NA,NA,NA,NA,NA,NA,NA,NA,NA